<brands>
	<option id=""></option>

	<option id="776910006">Budweiser</option>

	<option id="-202655572">Budweiser Black Crown</option>

	<option id="-1584280868">Budweiser Chelada Family</option>

	<option id="-2088449762">Budweiser Select Family</option>

	<option id="-1736925593">Bud Light</option>

	<option id="957557003">Bud Light Chelada Family</option>

	<option id="-1124158466">But Light Lime</option>

	<option id="-300600306">Bud Light Lime Lime-A-Rita Family</option>

	<option id="135048165">Bud Light Platinum</option>

	<option id="1762000191">Busch Family</option>

	<option id="-1650224261">Natural Family</option>

	<option id="459473726">O’Doul’s Family</option>

	<option id="1687129107">Hurricane Family</option>

	<option id="-2022180772">King Cobra</option>

	<option id="-56125463">Michelob Family</option>

	<option id="1264216893">Michelob ULTRA Family</option>

	<option id="-1699624188">Rolling Rock Family</option>

	<option id="-1591209683">Shock Top Family</option>

	<option id="2123729128">Goose Island Family</option>

	<option id="-2100175672">Craft Family (e.g. Kona, Redhook, Widmer)</option>

	<option id="-860202822">Landshark</option>

	<option id="-781972678">Redbridge</option>

	<option id="1905011035">Ziegen Bock</option>

	<option id="1159819691">Stella Artois Family</option>

	<option id="-304164924">Hoegaarden</option>

	<option id="-2061873480">Leffe Family</option>

	<option id="-807140443">Bass Pale Ale</option>

	<option id="1573175236">Beck’s Pilsner Family</option>

	<option id="-1611741731">Beck’s Sapphire</option>

	<option id="1396234968">Spaten Lager</option>

	<option id="-1414335238">Franziskaner</option>

	<option id="-712132923">Presidente</option>

	<option id="1371992750">St. Pauli Girl</option>

	<option id="-29001683">Kirin Ichiban</option>

	<option id="1122950516">Kokanee</option>

</brands>