<properties>
<property id="AF">Afghanistan</property>
<property id="AL">Albania</property>
<property id="DZ">Algeria</property>
<property id="AS">American Samoa</property>
<property id="AD">Andorra</property>
<property id="AG">Angola</property>
<property id="AI">Anguilla</property>
<property id="AG">Antigua &amp; Barbuda</property>
<property id="AR">Argentina</property>
<property id="AA">Armenia</property>
<property id="AW">Aruba</property>
<property id="AU">Australia</property>
<property id="AT">Austria</property>
<property id="AZ">Azerbaijan</property>
<property id="BS">Bahamas</property>
<property id="BH">Bahrain</property>
<property id="BD">Bangladesh</property>
<property id="BB">Barbados</property>
<property id="BY">Belarus</property>
<property id="BE">Belgium</property>
<property id="BZ">Belize</property>
<property id="BJ">Benin</property>
<property id="BM">Bermuda</property>
<property id="BT">Bhutan</property>
<property id="BO">Bolivia</property>
<property id="BL">Bonaire</property>
<property id="BA">Bosnia &amp; Herzegovina</property>
<property id="BW">Botswana</property>
<property id="BR">Brazil</property>
<property id="BC">British Indian Ocean Ter</property>
<property id="BN">Brunei</property>
<property id="BG">Bulgaria</property>
<property id="BF">Burkina Faso</property>
<property id="BI">Burundi</property>
<property id="KH">Cambodia</property>
<property id="CM">Cameroon</property>
<property id="CA">Canada</property>
<property id="IC">Canary Islands</property>
<property id="CV">Cape Verde</property>
<property id="KY">Cayman Islands</property>
<property id="CF">Central African Republic</property>
<property id="TD">Chad</property>
<property id="CD">Channel Islands</property>
<property id="CL">Chile</property>
<property id="CN">China</property>
<property id="CI">Christmas Island</property>
<property id="CS">Cocos Island</property>
<property id="CO">Colombia</property>
<property id="CC">Comoros</property>
<property id="CG">Congo</property>
<property id="CK">Cook Islands</property>
<property id="CR">Costa Rica</property>
<property id="CT">Cote DIvoire</property>
<property id="HR">Croatia</property>
<property id="CU">Cuba</property>
<property id="CB">Curacao</property>
<property id="CY">Cyprus</property>
<property id="CZ">Czech Republic</property>
<property id="DK">Denmark</property>
<property id="DJ">Djibouti</property>
<property id="DM">Dominica</property>
<property id="DO">Dominican Republic</property>
<property id="TM">East Timor</property>
<property id="EC">Ecuador</property>
<property id="EG">Egypt</property>
<property id="SV">El Salvador</property>
<property id="GQ">Equatorial Guinea</property>
<property id="ER">Eritrea</property>
<property id="EE">Estonia</property>
<property id="ET">Ethiopia</property>
<property id="FA">Falkland Islands</property>
<property id="FO">Faroe Islands</property>
<property id="FJ">Fiji</property>
<property id="FI">Finland</property>
<property id="FR">France</property>
<property id="GF">French Guiana</property>
<property id="PF">French Polynesia</property>
<property id="FS">French Southern Ter</property>
<property id="GA">Gabon</property>
<property id="GM">Gambia</property>
<property id="GE">Georgia</property>
<property id="DE">Germany</property>
<property id="GH">Ghana</property>
<property id="GI">Gibraltar</property>
<property id="GB">Great Britain</property>
<property id="GR">Greece</property>
<property id="GL">Greenland</property>
<property id="GD">Grenada</property>
<property id="GP">Guadeloupe</property>
<property id="GU">Guam</property>
<property id="GT">Guatemala</property>
<property id="GN">Guinea</property>
<property id="GY">Guyana</property>
<property id="HT">Haiti</property>
<property id="HW">Hawaii</property>
<property id="HN">Honduras</property>
<property id="HK">Hong Kong</property>
<property id="HU">Hungary</property>
<property id="IS">Iceland</property>
<property id="IN">India</property>
<property id="ID">Indonesia</property>
<property id="IA">Iran</property>
<property id="IQ">Iraq</property>
<property id="IR">Ireland</property>
<property id="IM">Isle of Man</property>
<property id="IL">Israel</property>
<property id="IT">Italy</property>
<property id="JM">Jamaica</property>
<property id="JP">Japan</property>
<property id="JO">Jordan</property>
<property id="KZ">Kazakhstan</property>
<property id="KE">Kenya</property>
<property id="KI">Kiribati</property>
<property id="NK">Korea North</property>
<property id="KS">Korea South</property>
<property id="KW">Kuwait</property>
<property id="KG">Kyrgyzstan</property>
<property id="LA">Laos</property>
<property id="LV">Latvia</property>
<property id="LB">Lebanon</property>
<property id="LS">Lesotho</property>
<property id="LR">Liberia</property>
<property id="LY">Libya</property>
<property id="LI">Liechtenstein</property>
<property id="LT">Lithuania</property>
<property id="LU">Luxembourg</property>
<property id="MO">Macau</property>
<property id="MK">Macedonia</property>
<property id="MG">Madagascar</property>
<property id="MY">Malaysia</property>
<property id="MW">Malawi</property>
<property id="MV">Maldives</property>
<property id="ML">Mali</property>
<property id="MT">Malta</property>
<property id="MH">Marshall Islands</property>
<property id="MQ">Martinique</property>
<property id="MR">Mauritania</property>
<property id="MU">Mauritius</property>
<property id="ME">Mayotte</property>
<property id="MX">Mexico</property>
<property id="MI">Midway Islands</property>
<property id="MD">Moldova</property>
<property id="MC">Monaco</property>
<property id="MN">Mongolia</property>
<property id="MS">Montserrat</property>
<property id="MA">Morocco</property>
<property id="MZ">Mozambique</property>
<property id="MM">Myanmar</property>
<property id="NA">Nambia</property>
<property id="NU">Nauru</property>
<property id="NP">Nepal</property>
<property id="AN">Netherland Antilles</property>
<property id="NL">Netherlands (Holland, Europe)</property>
<property id="NV">Nevis</property>
<property id="NC">New Caledonia</property>
<property id="NZ">New Zealand</property>
<property id="NI">Nicaragua</property>
<property id="NE">Niger</property>
<property id="NG">Nigeria</property>
<property id="NW">Niue</property>
<property id="NF">Norfolk Island</property>
<property id="NO">Norway</property>
<property id="OM">Oman</property>
<property id="PK">Pakistan</property>
<property id="PW">Palau Island</property>
<property id="PS">Palestine</property>
<property id="PA">Panama</property>
<property id="PG">Papua New Guinea</property>
<property id="PY">Paraguay</property>
<property id="PE">Peru</property>
<property id="PH">Philippines</property>
<property id="PO">Pitcairn Island</property>
<property id="PL">Poland</property>
<property id="PT">Portugal</property>
<property id="PR">Puerto Rico</property>
<property id="QA">Qatar</property>
<property id="ME">Republic of Montenegro</property>
<property id="RS">Republic of Serbia</property>
<property id="RE">Reunion</property>
<property id="RO">Romania</property>
<property id="RU">Russia</property>
<property id="RW">Rwanda</property>
<property id="NT">St Barthelemy</property>
<property id="EU">St Eustatius</property>
<property id="HE">St Helena</property>
<property id="KN">St Kitts-Nevis</property>
<property id="LC">St Lucia</property>
<property id="MB">St Maarten</property>
<property id="PM">St Pierre &amp; Miquelon</property>
<property id="VC">St Vincent &amp; Grenadines</property>
<property id="SP">Saipan</property>
<property id="SO">Samoa</property>
<property id="AS">Samoa American</property>
<property id="SM">San Marino</property>
<property id="ST">Sao Tome &amp; Principe</property>
<property id="SA">Saudi Arabia</property>
<property id="SN">Senegal</property>
<property id="SC">Seychelles</property>
<property id="SL">Sierra Leone</property>
<property id="SG">Singapore</property>
<property id="SK">Slovakia</property>
<property id="SI">Slovenia</property>
<property id="SB">Solomon Islands</property>
<property id="OI">Somalia</property>
<property id="ZA">South Africa</property>
<property id="ES">Spain</property>
<property id="LK">Sri Lanka</property>
<property id="SD">Sudan</property>
<property id="SR">Suriname</property>
<property id="SZ">Swaziland</property>
<property id="SE">Sweden</property>
<property id="CH">Switzerland</property>
<property id="SY">Syria</property>
<property id="TA">Tahiti</property>
<property id="TW">Taiwan</property>
<property id="TJ">Tajikistan</property>
<property id="TZ">Tanzania</property>
<property id="TH">Thailand</property>
<property id="TG">Togo</property>
<property id="TK">Tokelau</property>
<property id="TO">Tonga</property>
<property id="TT">Trinidad &amp; Tobago</property>
<property id="TN">Tunisia</property>
<property id="TR">Turkey</property>
<property id="TU">Turkmenistan</property>
<property id="TC">Turks &amp; Caicos Is</property>
<property id="TV">Tuvalu</property>
<property id="UG">Uganda</property>
<property id="UA">Ukraine</property>
<property id="AE">United Arab Emirates</property>
<property id="GB">United Kingdom</property>
<property id="US">United States of America</property>
<property id="UY">Uruguay</property>
<property id="UZ">Uzbekistan</property>
<property id="VU">Vanuatu</property>
<property id="VS">Vatican City State</property>
<property id="VE">Venezuela</property>
<property id="VN">Vietnam</property>
<property id="VB">Virgin Islands (Brit)</property>
<property id="VA">Virgin Islands (USA)</property>
<property id="WK">Wake Island</property>
<property id="WF">Wallis &amp; Futana Is</property>
<property id="YE">Yemen</property>
<property id="ZR">Zaire</property>
<property id="ZM">Zambia</property>
<property id="ZW">Zimbabwe</property>
</properties>