<properties>
<property id="1">	3D Art                     </property>                                                              

<property id="2">	Advertising                     </property>                                                              
<property id="3">	Animation                       </property>                                                                                           
<property id="5">	Art Direction                   </property>                                                                                           
<property id="12">	Cartooning                      </property>                                                                                           
<property id="14">	Character Design                </property>                                                                                           
<property id="16">	Cinematography                  </property>                                                                                           
<property id="19">	Computer Animation              </property>                                                                                           
<property id="25">	Creative Direction              </property>                                                                                           
<property id="31">	Digital Art                     </property>                                                                                           
<property id="32">	Digital Imaging                 </property>                                                                                           
<property id="33">	Digital Photography             </property>                                                                                           
<property id="36">	Drawing                         </property>                                                                                           
<property id="37">	Editing                         </property>                                                                                           
<property id="44">	Film                            </property>                                                                                           
<property id="45">	Fine Arts                       </property>                                                                                           
<property id="47">	Game Design                     </property>                                                                                           
<property id="53">	Icon Design                     </property>                                                                                           
<property id="54">	Illustration                    </property>                                                                                           
<property id="55">	Industrial Design               </property>                                                                                           
<property id="58">	Interaction Design              </property>                                                                                           
<property id="59">	Interior Design                 </property>                                                                                           
<property id="62">	Landscape Architecture          </property>                                                                                           
<property id="64">	Lighting Design                 </property>                                                                                           
<property id="72">	Motion Graphics                 </property>                                                                                           
<property id="79">	Painting                        </property>                                                                                           
<property id="86">	Photo Manipulation              </property>                                                                                           
<property id="87">	Photography                     </property>                                                                                           
<property id="100">	Sculpting                       </property>                                                                                           
<property id="101">	Set Design                      </property>                                                                                           
<property id="106">	Storyboarding                   </property>                                                                                           
<property id="107">	Storytelling                    </property>                                                                                           
<property id="110">	Television                      </property>                                                                                           
<property id="119">	Video Game Design               </property>                                                                                           
<property id="123">	Visual Effects                  </property>                                                                                           
<property id="124">	Web Design                      </property>                                                                                           
<property id="modelling">Modelling</property>
<property id="lighting">Lighting</property>
<property id="techincaldirector">Technical Director</property>
<property id="lifedrawing">Life Drawing</property>                          
                          <property id="concentart">Concept Art</property>
                          
                                                                                           </properties>                                                  