<?xml version="1.0" encoding="UTF-8"?>

<moduleassetss>
  <moduleassets asset="1574" course="georgianfire-2012-spring" id="1379342903000"/>
  <moduleassets asset="102" course="georgianfire-2012-spring" id="1379342908141"/>
  <moduleassets asset="1258" course="georgianfire-2012-spring" id="1379342915285"/>
  <moduleassets asset="520" course="georgianfire-2012-spring" id="1379343075764"/>
  <moduleassets asset="276" course="usfire" id="1379346995160"/>
  <moduleassets asset="101" course="101" id="1392929273456"/>
  <moduleassets asset="101" course="101" id="1392929277609"></moduleassets>
</moduleassetss>
