<?xml version="1.0" encoding="UTF-8"?>

<prepaids>
  <prepaid id="1234" available="true" batchid="asdf" product="101" user="admin" orderid="WEB0000004" college="1397605025117"/>
  <prepaid id="1000529143047" barcode="1000529143047" available="true" batchid="asdf"/>
  <prepaid id="1000603341484" barcode="1000603341484" available="true" batchid="asdf"/>
  <prepaid id="1000729520172" barcode="1000729520172" available="true" batchid="asdf"/>
  <prepaid id="1000443610482" barcode="1000443610482" available="true" batchid="asdf"/>
  <prepaid id="1000428862412" barcode="1000428862412" available="true" batchid="asdf"/>
  <prepaid id="1000258662998" barcode="1000258662998" available="true" batchid="asdf"/>
  <prepaid id="1000332328705" barcode="1000332328705" available="true" batchid="asdf"/>
  <prepaid id="1000176434099" barcode="1000176434099" available="true" batchid="asdf"/>
  <prepaid id="1000193669086" barcode="1000193669086" available="true" batchid="asdf"/>
  <prepaid id="1000986174643" barcode="1000986174643" available="true" batchid="asdf"/>
  <prepaid id="1000699830657" barcode="1000699830657" available="true" batchid="asdf"/>
  <prepaid id="1000648945788" barcode="1000648945788" available="true" batchid="asdf"/>
  <prepaid id="1000289519416" barcode="1000289519416" available="true" batchid="asdf"/>
  <prepaid id="1000929569941" barcode="1000929569941" available="true" batchid="asdf"/>
  <prepaid id="1000379933464" barcode="1000379933464" available="true" batchid="asdf"/>
  <prepaid id="1000992955694" barcode="1000992955694" available="true" batchid="asdf"/>
  <prepaid id="1000008637368" barcode="1000008637368" available="true" batchid="asdf"/>
  <prepaid id="1000461145249" barcode="1000461145249" available="true" batchid="asdf"/>
  <prepaid id="1000203050764" barcode="1000203050764" available="true" batchid="asdf"/>
  <prepaid id="1000615642016" barcode="1000615642016" available="true" batchid="asdf"/>
  <prepaid id="1000286737780" barcode="1000286737780" available="true" batchid="asdf"/>
  <prepaid id="1000355359672" barcode="1000355359672" available="true" batchid="asdf"/>
  <prepaid id="1000690938274" barcode="1000690938274" available="true" batchid="asdf"/>
  <prepaid id="1000898415363" barcode="1000898415363" available="true" batchid="asdf"/>
  <prepaid id="1000724027264" barcode="1000724027264" available="true" batchid="asdf"/>
  <prepaid id="1000400912577" barcode="1000400912577" available="true" batchid="asdf"/>
  <prepaid id="1000535441848" barcode="1000535441848" available="true" batchid="asdf"/>
  <prepaid id="1000305884900" barcode="1000305884900" available="true" batchid="asdf"/>
  <prepaid id="1000878519216" barcode="1000878519216" available="true" batchid="asdf"/>
  <prepaid id="1000329637401" barcode="1000329637401" available="true" batchid="asdf"/>
  <prepaid id="1000667688273" barcode="1000667688273" available="true" batchid="asdf"/>
  <prepaid id="1000447695366" barcode="1000447695366" available="true" batchid="asdf"/>
  <prepaid id="1000978712923" barcode="1000978712923" available="true" batchid="asdf"/>
  <prepaid id="1000311432345" barcode="1000311432345" available="true" batchid="asdf"/>
  <prepaid id="1000728967472" barcode="1000728967472" available="true" batchid="asdf"/>
  <prepaid id="1000428538965" barcode="1000428538965" available="true" batchid="asdf"/>
  <prepaid id="1000288168671" barcode="1000288168671" available="true" batchid="asdf"/>
  <prepaid id="1000787232257" barcode="1000787232257" available="true" batchid="asdf"/>
  <prepaid id="1000437415164" barcode="1000437415164" available="true" batchid="asdf"/>
  <prepaid id="1000574937839" barcode="1000574937839" available="true" batchid="asdf"/>
  <prepaid id="1000321756383" barcode="1000321756383" available="true" batchid="asdf"/>
  <prepaid id="1000042741878" barcode="1000042741878" available="true" batchid="asdf"/>
  <prepaid id="1000993357518" barcode="1000993357518" available="true" batchid="asdf"/>
  <prepaid id="1000730956373" barcode="1000730956373" available="true" batchid="asdf"/>
  <prepaid id="1000163149712" barcode="1000163149712" available="true" batchid="asdf"/>
  <prepaid id="1000634315353" barcode="1000634315353" available="true" batchid="asdf"/>
  <prepaid id="1000411505294" barcode="1000411505294" available="true" batchid="asdf"/>
  <prepaid id="1000128425147" barcode="1000128425147" available="true" batchid="asdf"/>
  <prepaid id="1000159081011" barcode="1000159081011" available="true" batchid="asdf"/>
  <prepaid id="1000105430352" barcode="1000105430352" available="true" batchid="asdf"/>
  <prepaid id="1000742828181" barcode="1000742828181" college="1397605025117" product="101" available="true" batchid="abcd"/>
  <prepaid id="1000172342687" barcode="1000172342687" college="1397605025117" product="101" available="true" batchid="abcd"/>
  <prepaid id="1000468153285" barcode="1000468153285" college="1397605025117" product="101" available="true" batchid="abcd"/>
  <prepaid id="1000407311146" barcode="1000407311146" college="1397605025117" product="101" available="true" batchid="abcd"/>
  <prepaid id="1000643274229" barcode="1000643274229" college="1397605025117" product="101" available="true" batchid="abcd"/>
  <prepaid id="1000004499364" barcode="1000004499364" college="1397605025117" product="101" available="true" batchid="abcd"/>
  <prepaid id="1000694661349" barcode="1000694661349" college="1397605025117" product="101" available="true" batchid="abcd"/>
  <prepaid id="1000178110530" barcode="1000178110530" college="1397605025117" product="101" available="true" batchid="abcd"/>
  <prepaid id="1000277900835" barcode="1000277900835" college="1397605025117" product="101" available="true" batchid="abcd"/>
  <prepaid id="1000216470756" barcode="1000216470756" college="1397605025117" product="101" available="true" batchid="abcd"/>
  <prepaid id="1000598241677" barcode="1000598241677" college="1397605025117" product="101" available="true" batchid="abcd"/>
  <prepaid id="1000093370839" barcode="1000093370839" college="1397605025117" product="101" available="true" batchid="abcd"/>
  <prepaid id="1000902957570" barcode="1000902957570" college="1397605025117" product="101" available="true" batchid="abcd"/>
  <prepaid id="1000650335413" barcode="1000650335413" college="1397605025117" product="101" available="true" batchid="abcd"/>
  <prepaid id="1000221888060" barcode="1000221888060" college="1397605025117" product="101" available="true" batchid="abcd"/>
  <prepaid id="1000538158033" barcode="1000538158033" college="1397605025117" product="101" available="true" batchid="abcd"/>
  <prepaid id="1000308914833" barcode="1000308914833" college="1397605025117" product="101" available="true" batchid="abcd"/>
  <prepaid id="1000417744220" barcode="1000417744220" college="1397605025117" product="101" available="true" batchid="abcd"/>
  <prepaid id="1000094698245" barcode="1000094698245" college="1397605025117" product="101" available="true" batchid="abcd"/>
  <prepaid id="1000884396099" barcode="1000884396099" college="1397605025117" product="101" available="true" batchid="abcd"/>
  <prepaid id="1000070482710" barcode="1000070482710" college="1397605025117" product="101" available="true" batchid="abcd"/>
  <prepaid id="1000835921342" barcode="1000835921342" college="1397605025117" product="101" available="true" batchid="abcd"/>
  <prepaid id="1000086905830" barcode="1000086905830" college="1397605025117" product="101" available="true" batchid="abcd"/>
  <prepaid id="1000358478035" barcode="1000358478035" college="1397605025117" product="101" available="true" batchid="abcd"/>
  <prepaid id="1000363924287" barcode="1000363924287" college="1397605025117" product="101" available="true" batchid="abcd"/>
  <prepaid id="1000794173843" barcode="1000794173843" college="1397605025117" product="101" available="true" batchid="abcd"/>
  <prepaid id="1000865314390" barcode="1000865314390" college="1397605025117" product="101" available="true" batchid="abcd"/>
  <prepaid id="1000693713693" barcode="1000693713693" college="1397605025117" product="101" available="true" batchid="abcd"/>
  <prepaid id="1000006743250" barcode="1000006743250" college="1397605025117" product="101" available="true" batchid="abcd"/>
  <prepaid id="1000937474581" barcode="1000937474581" college="1397605025117" product="101" available="true" batchid="abcd"/>
  <prepaid id="1000347281351" barcode="1000347281351" college="1397605025117" product="101" available="true" batchid="abcd"/>
  <prepaid id="1000595849221" barcode="1000595849221" college="1397605025117" product="101" available="true" batchid="abcd"/>
  <prepaid id="1000509312628" barcode="1000509312628" college="1397605025117" product="101" available="true" batchid="abcd"/>
  <prepaid id="1000275309893" barcode="1000275309893" college="1397605025117" product="101" available="true" batchid="abcd"/>
  <prepaid id="1000316044755" barcode="1000316044755" college="1397605025117" product="101" available="true" batchid="abcd"/>
  <prepaid id="1000830278974" barcode="1000830278974" college="1397605025117" product="101" available="true" batchid="abcd"/>
  <prepaid id="1000898872530" barcode="1000898872530" college="1397605025117" product="101" available="true" batchid="abcd"/>
  <prepaid id="1000190850394" barcode="1000190850394" college="1397605025117" product="101" available="true" batchid="abcd"/>
  <prepaid id="1000864445831" barcode="1000864445831" college="1397605025117" product="101" available="true" batchid="abcd"/>
  <prepaid id="1000605884792" barcode="1000605884792" college="1397605025117" product="101" available="true" batchid="abcd"/>
  <prepaid id="1000802135761" barcode="1000802135761" college="1397605025117" product="101" available="true" batchid="abcd"/>
  <prepaid id="1000154577490" barcode="1000154577490" college="1397605025117" product="101" available="true" batchid="abcd"/>
  <prepaid id="1000441145326" barcode="1000441145326" college="1397605025117" product="101" available="true" batchid="abcd"/>
  <prepaid id="1000949333150" barcode="1000949333150" college="1397605025117" product="101" available="true" batchid="abcd"/>
  <prepaid id="1000890876472" barcode="1000890876472" college="1397605025117" product="101" available="true" batchid="abcd"/>
  <prepaid id="1000949042842" barcode="1000949042842" college="1397605025117" product="101" available="true" batchid="abcd"/>
  <prepaid id="1000979242176" barcode="1000979242176" college="1397605025117" product="101" available="true" batchid="abcd"/>
  <prepaid id="1000478689188" barcode="1000478689188" college="1397605025117" product="101" available="true" batchid="abcd"/>
  <prepaid id="1000847781247" barcode="1000847781247" college="1397605025117" product="101" available="true" batchid="abcd"/>
  <prepaid id="1000359880249" barcode="1000359880249" college="1397605025117" product="101" available="true" batchid="abcd"/>
  <prepaid id="1000569698232" barcode="1000569698232" college="1397605025117" product="101" available="true" batchid="abcd"/>
  <prepaid id="1000512023653" barcode="1000512023653" college="1397605025117" product="101" available="true" batchid="abcd"/>
  <prepaid id="1000996628301" barcode="1000996628301" college="1397605025117" product="101" available="true" batchid="abcd"/>
  <prepaid id="1000082627744" barcode="1000082627744" college="1397605025117" product="101" available="true" batchid="abcd"/>
  <prepaid id="1000530237114" barcode="1000530237114" college="1397605025117" product="101" available="true" batchid="abcd"/>
  <prepaid id="1000442325118" barcode="1000442325118" college="1397605025117" product="101" available="true" batchid="abcd"/>
  <prepaid id="1000557296315" barcode="1000557296315" college="1397605025117" product="101" available="true" batchid="abcd"/>
  <prepaid id="1000737331363" barcode="1000737331363" college="1397605025117" product="101" available="true" batchid="abcd"/>
  <prepaid id="1000226251691" barcode="1000226251691" college="1397605025117" product="101" available="true" batchid="abcd"/>
  <prepaid id="1000821665566" barcode="1000821665566" college="1397605025117" product="101" available="true" batchid="abcd"/>
  <prepaid id="1000375800957" barcode="1000375800957" college="1397605025117" product="101" available="true" batchid="abcd"/>
  <prepaid id="1000234325723" barcode="1000234325723" college="1397605025117" product="101" available="true" batchid="abcd"/>
  <prepaid id="1000284450030" barcode="1000284450030" college="1397605025117" product="101" available="true" batchid="abcd"/>
  <prepaid id="1000693652979" barcode="1000693652979" college="1397605025117" product="101" available="true" batchid="abcd"/>
  <prepaid id="1000238181940" barcode="1000238181940" college="1397605025117" product="101" available="true" batchid="abcd"/>
  <prepaid id="1000419476008" barcode="1000419476008" college="1397605025117" product="101" available="true" batchid="abcd"/>
  <prepaid id="1000973273745" barcode="1000973273745" college="1397605025117" product="101" available="true" batchid="abcd"/>
  <prepaid id="1000165284505" barcode="1000165284505" college="1397605025117" product="101" available="true" batchid="abcd"/>
  <prepaid id="1000247595009" barcode="1000247595009" college="1397605025117" product="101" available="true" batchid="abcd"/>
  <prepaid id="1000130015203" barcode="1000130015203" college="1397605025117" product="101" available="true" batchid="abcd"/>
  <prepaid id="1000729126792" barcode="1000729126792" college="1397605025117" product="101" available="true" batchid="abcd"/>
  <prepaid id="1000126064325" barcode="1000126064325" college="1397605025117" product="101" available="true" batchid="abcd"/>
  <prepaid id="1000180738459" barcode="1000180738459" college="1397605025117" product="101" available="true" batchid="abcd"/>
  <prepaid id="1000518410591" barcode="1000518410591" college="1397605025117" product="101" available="true" batchid="abcd"/>
  <prepaid id="1000884755644" barcode="1000884755644" college="1397605025117" product="101" available="true" batchid="abcd"/>
  <prepaid id="1000842006369" barcode="1000842006369" college="1397605025117" product="101" available="true" batchid="abcd"/>
  <prepaid id="1000919093644" barcode="1000919093644" college="1397605025117" product="101" available="true" batchid="abcd"/>
  <prepaid id="1000463130944" barcode="1000463130944" college="1397605025117" product="101" available="true" batchid="abcd"/>
  <prepaid id="1000424550620" barcode="1000424550620" college="1397605025117" product="101" available="true" batchid="abcd"/>
  <prepaid id="1000210752936" barcode="1000210752936" college="1397605025117" product="101" available="true" batchid="abcd"/>
  <prepaid id="1000223334452" barcode="1000223334452" college="1397605025117" product="101" available="true" batchid="abcd"/>
  <prepaid id="1000399064527" barcode="1000399064527" college="1397605025117" product="101" available="true" batchid="abcd"/>
  <prepaid id="1000258731803" barcode="1000258731803" college="1397605025117" product="101" available="true" batchid="abcd"/>
  <prepaid id="1000924982145" barcode="1000924982145" college="1397605025117" product="101" available="true" batchid="abcd"/>
  <prepaid id="1000688823638" barcode="1000688823638" college="1397605025117" product="101" available="true" batchid="abcd"/>
  <prepaid id="1000746579718" barcode="1000746579718" college="1397605025117" product="101" available="true" batchid="abcd"/>
  <prepaid id="1000579107398" barcode="1000579107398" college="1397605025117" product="101" available="true" batchid="abcd"/>
  <prepaid id="1000742137905" barcode="1000742137905" college="1397605025117" product="101" available="true" batchid="abcd"/>
  <prepaid id="1000751875684" barcode="1000751875684" college="1397605025117" product="101" available="true" batchid="abcd"/>
  <prepaid id="1000917651536" barcode="1000917651536" college="1397605025117" product="101" available="true" batchid="abcd"/>
  <prepaid id="1000452268421" barcode="1000452268421" college="1397605025117" product="101" available="true" batchid="abcd"/>
  <prepaid id="1000534932582" barcode="1000534932582" college="1397605025117" product="101" available="true" batchid="abcd"/>
  <prepaid id="1000404355256" barcode="1000404355256" college="1397605025117" product="101" available="true" batchid="abcd"/>
  <prepaid id="1000075783912" barcode="1000075783912" college="1397605025117" product="101" available="true" batchid="abcd"/>
  <prepaid id="1000191784742" barcode="1000191784742" college="1397605025117" product="101" available="true" batchid="abcd"/>
  <prepaid id="1000639506525" barcode="1000639506525" college="1397605025117" product="101" available="true" batchid="abcd"/>
  <prepaid id="1000341379641" barcode="1000341379641" college="1397605025117" product="101" available="true" batchid="abcd"/>
  <prepaid id="1000149603462" barcode="1000149603462" college="1397605025117" product="101" available="true" batchid="abcd"/>
  <prepaid id="1000589479641" barcode="1000589479641" college="1397605025117" product="101" available="true" batchid="abcd"/>
  <prepaid id="1000514358865" barcode="1000514358865" college="1397605025117" product="101" available="true" batchid="abcd"/>
  <prepaid id="1000967449172" barcode="1000967449172" college="1397605025117" product="101" available="true" batchid="abcd"/>
  <prepaid id="1000588649118" barcode="1000588649118" college="1397605025117" product="101" available="true" batchid="abcd"/>
  <prepaid id="1000428422185" barcode="1000428422185" college="1397605025117" product="101" available="true" batchid="abcd"/>
  <prepaid id="1000302852155" barcode="1000302852155" college="1397605025117" product="101" available="true" batchid="abcd"/>
  <prepaid id="1000887733385" barcode="1000887733385" college="1397605025117" product="101" available="true" batchid="abcd"/>
  <prepaid id="1000478091713" barcode="1000478091713" college="1397605025117" product="101" available="true" batchid="abcd"/>
  <prepaid id="1000785830567" barcode="1000785830567" college="1397605025117" product="101" available="true" batchid="abcd"/>
  <prepaid id="1000972571394" barcode="1000972571394" college="1397605025117" product="101" available="true" batchid="abcd"/>
  <prepaid id="1000652446575" barcode="1000652446575" college="1397605025117" product="101" available="true" batchid="abcd"/>
  <prepaid id="1000002144803" barcode="1000002144803" college="1397605025117" product="101" available="true" batchid="abcd"/>
  <prepaid id="1000999572932" barcode="1000999572932" college="1397605025117" product="101" available="true" batchid="abcd"/>
  <prepaid id="1000829430521" barcode="1000829430521" college="1397605025117" product="101" available="true" batchid="abcd"/>
  <prepaid id="1000217766660" barcode="1000217766660" college="1397605025117" product="101" available="true" batchid="abcd"/>
  <prepaid id="1000231491116" barcode="1000231491116" college="1397605025117" product="101" available="true" batchid="abcd"/>
  <prepaid id="1000831922410" barcode="1000831922410" college="1397605025117" product="101" available="true" batchid="abcd"/>
  <prepaid id="1000790632080" barcode="1000790632080" college="1397605025117" product="101" available="true" batchid="abcd"/>
  <prepaid id="1000879067825" barcode="1000879067825" college="1397605025117" product="101" available="true" batchid="abcd"/>
  <prepaid id="1000200509885" barcode="1000200509885" college="1397605025117" product="101" available="true" batchid="abcd"/>
  <prepaid id="1000622762603" barcode="1000622762603" college="1397605025117" product="101" available="true" batchid="abcd"/>
  <prepaid id="1000112904006" barcode="1000112904006" college="1397605025117" product="101" available="true" batchid="abcd"/>
  <prepaid id="1000411186670" barcode="1000411186670" college="1397605025117" product="101" available="true" batchid="abcd"/>
  <prepaid id="1000227559699" barcode="1000227559699" college="1397605025117" product="101" available="true" batchid="abcd"/>
  <prepaid id="1000208124703" barcode="1000208124703" college="1397605025117" product="101" available="true" batchid="abcd"/>
  <prepaid id="1000600386516" barcode="1000600386516" college="1397605025117" product="101" available="true" batchid="abcd"/>
  <prepaid id="1000231861832" barcode="1000231861832" college="1397605025117" product="101" available="true" batchid="abcd"/>
  <prepaid id="1000806429730" barcode="1000806429730" college="1397605025117" product="101" available="true" batchid="abcd"/>
  <prepaid id="1000449451745" barcode="1000449451745" college="1397605025117" product="101" available="true" batchid="abcd"/>
  <prepaid id="1000956004055" barcode="1000956004055" college="1397605025117" product="101" available="true" batchid="abcd"/>
  <prepaid id="1000425700977" barcode="1000425700977" college="1397605025117" product="101" available="true" batchid="abcd"/>
  <prepaid id="1000816403822" barcode="1000816403822" college="1397605025117" product="101" available="true" batchid="abcd"/>
  <prepaid id="1000647856820" barcode="1000647856820" college="1397605025117" product="101" available="true" batchid="abcd"/>
  <prepaid id="1000179371417" barcode="1000179371417" college="1397605025117" product="101" available="true" batchid="abcd"/>
  <prepaid id="1000018952025" barcode="1000018952025" college="1397605025117" product="101" available="true" batchid="abcd"/>
  <prepaid id="1000630921682" barcode="1000630921682" college="1397605025117" product="101" available="true" batchid="abcd"/>
  <prepaid id="1000332357413" barcode="1000332357413" college="1397605025117" product="101" available="true" batchid="abcd"/>
  <prepaid id="1000109904140" barcode="1000109904140" college="1397605025117" product="101" available="true" batchid="abcd"/>
  <prepaid id="1000864516410" barcode="1000864516410" college="1397605025117" product="101" available="true" batchid="abcd"/>
  <prepaid id="1000532257785" barcode="1000532257785" college="1397605025117" product="101" available="true" batchid="abcd"/>
  <prepaid id="1000633994533" barcode="1000633994533" college="1397605025117" product="101" available="true" batchid="abcd"/>
  <prepaid id="1000932691553" barcode="1000932691553" college="1397605025117" product="101" available="true" batchid="abcd"/>
  <prepaid id="1000222878979" barcode="1000222878979" college="1397605025117" product="101" available="true" batchid="abcd"/>
  <prepaid id="1000049516001" barcode="1000049516001" college="1397605025117" product="101" available="true" batchid="abcd"/>
  <prepaid id="1000319870563" barcode="1000319870563" college="1397605025117" product="101" available="true" batchid="abcd"/>
  <prepaid id="1000614549908" barcode="1000614549908" college="1397605025117" product="101" available="true" batchid="abcd"/>
  <prepaid id="1000538022514" barcode="1000538022514" college="1397605025117" product="101" available="true" batchid="abcd"/>
  <prepaid id="1000440074587" barcode="1000440074587" college="1397605025117" product="101" available="true" batchid="abcd"/>
  <prepaid id="1000295827224" barcode="1000295827224" college="1397605025117" product="101" available="true" batchid="abcd"/>
  <prepaid id="1000373368516" barcode="1000373368516" college="1397605025117" product="101" available="true" batchid="abcd"/>
  <prepaid id="1000965537659" barcode="1000965537659" college="1397605025117" product="101" available="true" batchid="abcd"/>
  <prepaid id="1000156058959" barcode="1000156058959" college="1397605025117" product="101" available="true" batchid="abcd"/>
  <prepaid id="1000260764141" barcode="1000260764141" college="1397605025117" product="101" available="true" batchid="abcd"/>
  <prepaid id="1000624354831" barcode="1000624354831" college="1397605025117" product="101" available="true" batchid="abcd"/>
  <prepaid id="1000398556528" barcode="1000398556528" college="1397605025117" product="101" available="true" batchid="abcd"/>
  <prepaid id="1000760192025" barcode="1000760192025" college="1397605025117" product="101" available="true" batchid="abcd"/>
  <prepaid id="1000824178008" barcode="1000824178008" college="1397605025117" product="101" available="true" batchid="abcd"/>
  <prepaid id="1000007176803" barcode="1000007176803" college="1397605025117" product="101" available="true" batchid="abcd"/>
  <prepaid id="1000725623977" barcode="1000725623977" college="1397605025117" product="101" available="true" batchid="abcd"/>
  <prepaid id="1000140309157" barcode="1000140309157" college="1397605025117" product="101" available="true" batchid="abcd"/>
  <prepaid id="1000531898505" barcode="1000531898505" college="1397605025117" product="101" available="true" batchid="abcd"/>
  <prepaid id="1000557354871" barcode="1000557354871" college="1397605025117" product="101" available="true" batchid="abcd"/>
  <prepaid id="1000870871176" barcode="1000870871176" college="1397605025117" product="101" available="true" batchid="abcd"/>
  <prepaid id="1000482443437" barcode="1000482443437" college="1397605025117" product="101" available="true" batchid="abcd"/>
  <prepaid id="1000899937208" barcode="1000899937208" college="1397605025117" product="101" available="true" batchid="abcd"/>
  <prepaid id="1000685809152" barcode="1000685809152" college="1397605025117" product="101" available="true" batchid="abcd"/>
  <prepaid id="1000779255170" barcode="1000779255170" college="1397605025117" product="101" available="true" batchid="abcd"/>
  <prepaid id="1000645654694" barcode="1000645654694" college="1397605025117" product="101" available="true" batchid="abcd"/>
  <prepaid id="1000261996410" barcode="1000261996410" college="1397605025117" product="101" available="true" batchid="abcd"/>
  <prepaid id="1000145817826" barcode="1000145817826" college="1397605025117" product="101" available="true" batchid="abcd"/>
  <prepaid id="1000416203999" barcode="1000416203999" college="1397605025117" product="101" available="true" batchid="abcd"/>
  <prepaid id="1000186112735" barcode="1000186112735" college="1397605025117" product="101" available="true" batchid="abcd"/>
  <prepaid id="1000577854193" barcode="1000577854193" college="1397605025117" product="101" available="true" batchid="abcd"/>
  <prepaid id="1000128570762" barcode="1000128570762" college="1397605025117" product="101" available="true" batchid="abcd"/>
  <prepaid id="1000507047422" barcode="1000507047422" college="1397605025117" product="101" available="true" batchid="abcd"/>
  <prepaid id="1000147814655" barcode="1000147814655" college="1397605025117" product="101" available="true" batchid="abcd"/>
  <prepaid id="1000801530887" barcode="1000801530887" college="1397605025117" product="101" available="true" batchid="abcd"/>
  <prepaid id="1000250191918" barcode="1000250191918" college="1397605025117" product="101" available="true" batchid="abcd"/>
  <prepaid id="1000711227300" barcode="1000711227300" college="1397605025117" product="101" available="true" batchid="abcd"/>
  <prepaid id="1000557194517" barcode="1000557194517" college="1397605025117" product="101" available="true" batchid="abcd"/>
  <prepaid id="1000470634166" barcode="1000470634166" college="1397605025117" product="101" available="true" batchid="abcd"/>
  <prepaid id="1000856649628" barcode="1000856649628" college="1397605025117" product="101" available="true" batchid="abcd"/>
  <prepaid id="1000818783549" barcode="1000818783549" college="1397605025117" product="101" available="true" batchid="abcd"/>
  <prepaid id="1000820391479" barcode="1000820391479" college="1397605025117" product="101" available="true" batchid="abcd"/>
  <prepaid id="1000685049042" barcode="1000685049042" college="1397605025117" product="101" available="true" batchid="abcd"/>
  <prepaid id="1000504230257" barcode="1000504230257" college="1397605025117" product="101" available="true" batchid="abcd"/>
  <prepaid id="1000203958600" barcode="1000203958600" college="1397605025117" product="101" available="true" batchid="abcd"/>
  <prepaid id="1000348985785" barcode="1000348985785" college="1397605025117" product="101" available="true" batchid="abcd"/>
  <prepaid id="1000287951624" barcode="1000287951624" college="1397605025117" product="101" available="true" batchid="abcd"/>
  <prepaid id="1000030428125" barcode="1000030428125" college="1397605025117" product="101" available="true" batchid="abcd"/>
  <prepaid id="1000137448142" barcode="1000137448142" college="1397605025117" product="101" available="true" batchid="abcd"/>
  <prepaid id="1000257592722" barcode="1000257592722" college="1397605025117" product="101" available="true" batchid="abcd"/>
  <prepaid id="1000855345166" barcode="1000855345166" college="1397605025117" product="101" available="true" batchid="abcd"/>
  <prepaid id="1000409820336" barcode="1000409820336" college="1397605025117" product="101" available="true" batchid="abcd"/>
  <prepaid id="1000145552168" barcode="1000145552168" college="1397605025117" product="101" available="true" batchid="abcd"/>
  <prepaid id="1000371186429" barcode="1000371186429" college="1397605025117" product="101" available="true" batchid="abcd"/>
  <prepaid id="1000105623248" barcode="1000105623248" college="1397605025117" product="101" available="true" batchid="abcd"/>
  <prepaid id="1000346363027" barcode="1000346363027" college="1397605025117" product="101" available="true" batchid="abcd"/>
  <prepaid id="1000783313223" barcode="1000783313223" college="1397605025117" product="101" available="true" batchid="abcd"/>
  <prepaid id="1000108928764" barcode="1000108928764" college="1397605025117" product="101" available="true" batchid="abcd"/>
  <prepaid id="1000913515370" barcode="1000913515370" college="1397605025117" product="101" available="true" batchid="abcd"/>
  <prepaid id="1000112416025" barcode="1000112416025" college="1397605025117" product="101" available="true" batchid="abcd"></prepaid>
</prepaids>
