<?xml version="1.0" encoding="UTF-8"?>

<settingsgroups> 
  <settingsgroup id="administrator" sendcollectionnotifications="true" sendapprovalnotifications="true" multiedit="false" permissions="view|viewhomelink|viewsettings|multiedit|edittablecolumns|editlists|createnewrecord|createlivemedia|convert|download|exportdata|downloadfpo|editusersgroups|viewbasket|viewmyaccount|viewmodulesettings|editcategorytree|viewcategorynav|filterbyassettype|togglesidebar|viewmodulelist|viewupload|deleteasset|emaillink|viewvoting|publish|shareasset|sharetosocialmedia|viewconversions|embedasset|editadvancedsearch|changeattachment|editassetcategories|editcategories|comment|deletecomments|metadatageneral|assetpermissions|editmetadatasetup|converthistory|viewassetpreviewhistory|capturehistory|viewmap|viewassetedit|viewmediaedit|viewmetadatageneral|viewattachments|viewcomments|viewassets|showbadge|viewtimeline|editallprofiles|admin|adminprofiles|ignorerules|setupstripe|manageecommerce|managelms|contentedit|browseproducts|checkout|copycategory|asseteditorpickanylibrary|viewopencollections|addnewcollection|addnewlibrary|assetannotate|importworkspace|exportcollection|sharecollection|api-manage-list|api-create-data|api-load-data|api-delete-data|api-update-data|api-search-data|api-manage-events|api-manage-users|api-manage-modules" profilesearchfilters="hideassettype">
    <name><![CDATA[Administrators]]></name>
  </settingsgroup>  
  <settingsgroup id="users" permissions="view|viewhomelink|savesearch|edittablecolumns|createnewrecord|convert|download|viewupload|viewbasket|viewmyaccount|viewcategorynav|togglesidebar|emaillink|viewvoting|shareasset|sharetosocialmedia|viewconversions|embedasset|editadvancedsearch|changeattachment|editassetcategories|viewassetedit|comment|deletecomments|metadatageneral|assetpermissions|converthistory|viewmap|viewattachments|viewcomments|viewassets|asseteditorpickanylibrary|viewopencollections|addnewcollection|viewtimeline|showbadge" sendapprovalnotifications="true" sendcollectionnotifications="true"> 
    <name><![CDATA[Users]]></name> 
  </settingsgroup>  
  <settingsgroup id="guest" permissions="downloadfpo|viewcategorynav|forcewatermarkasset|viewassets"> 
    <name><![CDATA[Anonymous]]></name> 
  </settingsgroup> 
</settingsgroups>
