<?xml version="1.0" encoding="UTF-8"?>

<studentclassess>
  <studentclasses id="8539-4342" userprofile="8539" learningGroup="4342"/>
  <studentclasses id="8540-2945" userprofile="8540" learningGroup="2945"/>
  <studentclasses id="8541-3032" userprofile="8541" learningGroup="3032"/>
  <studentclasses id="8542-3141" userprofile="8542" learningGroup="3141"/>
  <studentclasses id="8543-3495" userprofile="8543" learningGroup="3495"/>
  <studentclasses id="8544-3265" userprofile="8544" learningGroup="3265"/>
  <studentclasses id="8545-2035" userprofile="8545" learningGroup="2035"/>
  <studentclasses id="8546-2025" userprofile="8546" learningGroup="2025"/>
  <studentclasses id="8547-2104" userprofile="8547" learningGroup="2104"/>
  <studentclasses id="8548-1754" userprofile="8548" learningGroup="1754"/>
  <studentclasses id="8549-2010" userprofile="8549" learningGroup="2010"/>
  <studentclasses id="8550-1781" userprofile="8550" learningGroup="1781"/>
  <studentclasses id="8551-2129" userprofile="8551" learningGroup="2129"/>
  <studentclasses id="8552-2084" userprofile="8552" learningGroup="2084"/>
  <studentclasses id="8553-2141" userprofile="8553" learningGroup="2141"/>
  <studentclasses id="8554-2468" userprofile="8554" learningGroup="2468"/>
  <studentclasses id="8555-1680" userprofile="8555" learningGroup="1680"/>
  <studentclasses id="8556-2219" userprofile="8556" learningGroup="2219"/>
  <studentclasses id="8557-2086" userprofile="8557" learningGroup="2086"/>
  <studentclasses id="8558-2148" userprofile="8558" learningGroup="2148"/>
  <studentclasses id="8559-664" userprofile="8559" learningGroup="664"/>
  <studentclasses id="8560-2075" userprofile="8560" learningGroup="2075"/>
  <studentclasses id="8561-2114" userprofile="8561" learningGroup="2114"/>
  <studentclasses id="8562-5402" userprofile="8562" learningGroup="5402"/>
  <studentclasses id="8563-1269" userprofile="8563" learningGroup="1269"/>
  <studentclasses id="8564-5519" userprofile="8564" learningGroup="5519"/>
  <studentclasses id="8565-snowball_34@hotmail.com" userprofile="8565" learningGroup="snowball_34@hotmail.com"/>
  <studentclasses id="8566-6094" userprofile="8566" learningGroup="6094"/>
  <studentclasses id="8567-6243" userprofile="8567" learningGroup="6243"/>
  <studentclasses id="8568-6080" userprofile="8568" learningGroup="6080"/>
  <studentclasses id="8569-4047" userprofile="8569" learningGroup="4047"/>
  <studentclasses id="8570-4332" userprofile="8570" learningGroup="4332"/>
  <studentclasses id="8571-4408" userprofile="8571" learningGroup="4408"/>
  <studentclasses id="8572-4447" userprofile="8572" learningGroup="4447"/>
  <studentclasses id="8573-4182" userprofile="8573" learningGroup="4182"/>
  <studentclasses id="8574-4496" userprofile="8574" learningGroup="4496"/>
  <studentclasses id="8575-4467" userprofile="8575" learningGroup="4467"/>
  <studentclasses id="8576-4087" userprofile="8576" learningGroup="4087"/>
  <studentclasses id="8577-4428" userprofile="8577" learningGroup="4428"/>
  <studentclasses id="8578-4478" userprofile="8578" learningGroup="4478"/>
  <studentclasses id="8579-1453" userprofile="8579" learningGroup="1453"/>
  <studentclasses id="8580-rahibfarighi@live.ca" userprofile="8580" learningGroup="rahibfarighi@live.ca"/>
  <studentclasses id="8581-4491" userprofile="8581" learningGroup="4491"/>
  <studentclasses id="8582-4436" userprofile="8582" learningGroup="4436"/>
  <studentclasses id="8583-a.gorman@live.ca" userprofile="8583" learningGroup="a.gorman@live.ca"/>
  <studentclasses id="8584-4063" userprofile="8584" learningGroup="4063"/>
  <studentclasses id="8585-4330" userprofile="8585" learningGroup="4330"/>
  <studentclasses id="8586-4633" userprofile="8586" learningGroup="4633"/>
  <studentclasses id="8587-4448" userprofile="8587" learningGroup="4448"/>
  <studentclasses id="8588-4385" userprofile="8588" learningGroup="4385"/>
  <studentclasses id="8589-4486" userprofile="8589" learningGroup="4486"/>
  <studentclasses id="8590-4260" userprofile="8590" learningGroup="4260"/>
  <studentclasses id="8591-4437" userprofile="8591" learningGroup="4437"/>
  <studentclasses id="8592-4199" userprofile="8592" learningGroup="4199"/>
  <studentclasses id="8593-Shabir.sakha@hotmail.co.uk" userprofile="8593" learningGroup="Shabir.sakha@hotmail.co.uk"/>
  <studentclasses id="8594-3566" userprofile="8594" learningGroup="3566"/>
  <studentclasses id="8595-5191" userprofile="8595" learningGroup="5191"/>
  <studentclasses id="8596-4432" userprofile="8596" learningGroup="4432"/>
  <studentclasses id="8597-Michaelweekes365@gmail.com" userprofile="8597" learningGroup="Michaelweekes365@gmail.com"/>
  <studentclasses id="8598-4645" userprofile="8598" learningGroup="4645"/>
  <studentclasses id="8599-4203" userprofile="8599" learningGroup="4203"/>
  <studentclasses id="8600-4331" userprofile="8600" learningGroup="4331"/>
  <studentclasses id="8601-5068" userprofile="8601" learningGroup="5068"/>
  <studentclasses id="8602-4627" userprofile="8602" learningGroup="4627"/>
  <studentclasses id="8603-4495" userprofile="8603" learningGroup="4495"/>
  <studentclasses id="8604-4632" userprofile="8604" learningGroup="4632"/>
  <studentclasses id="8605-4469" userprofile="8605" learningGroup="4469"/>
  <studentclasses id="8606-4481" userprofile="8606" learningGroup="4481"/>
  <studentclasses id="8607-1217" userprofile="8607" learningGroup="1217"/>
  <studentclasses id="8608-1150" userprofile="8608" learningGroup="1150"/>
  <studentclasses id="8609-1098" userprofile="8609" learningGroup="1098"/>
  <studentclasses id="8610-976" userprofile="8610" learningGroup="976"/>
  <studentclasses id="8611-1093" userprofile="8611" learningGroup="1093"/>
  <studentclasses id="8612-911" userprofile="8612" learningGroup="911"/>
  <studentclasses id="8613-1228" userprofile="8613" learningGroup="1228"/>
  <studentclasses id="8614-1079" userprofile="8614" learningGroup="1079"/>
  <studentclasses id="8615-1145" userprofile="8615" learningGroup="1145"/>
  <studentclasses id="8616-1240" userprofile="8616" learningGroup="1240"/>
  <studentclasses id="8617-1238" userprofile="8617" learningGroup="1238"/>
  <studentclasses id="8618-1230" userprofile="8618" learningGroup="1230"/>
  <studentclasses id="8619-1103" userprofile="8619" learningGroup="1103"/>
  <studentclasses id="8620-695" userprofile="8620" learningGroup="695"/>
  <studentclasses id="8621-1116" userprofile="8621" learningGroup="1116"/>
  <studentclasses id="8622-1114" userprofile="8622" learningGroup="1114"/>
  <studentclasses id="8623-968" userprofile="8623" learningGroup="968"/>
  <studentclasses id="8624-1218" userprofile="8624" learningGroup="1218"></studentclasses>
</studentclassess>
