<?xml version="1.0" encoding="UTF-8"?>

<detailedorderhistorystates>
  <detailedorderhistorystate id="opened" systemrestricted="true" name="Opened">Opened</detailedorderhistorystate>
  <detailedorderhistorystate id="orderplaced" systemrestricted="true" name="Order Placed">Order Placed</detailedorderhistorystate>
  <detailedorderhistorystate id="distributorcontacted" systemrestricted="false" name="Distributor Contacted">Distributor Contacted</detailedorderhistorystate>
  <detailedorderhistorystate id="shippingnoticereceived" systemrestricted="true" name="Shipping Notice Received">Shipping Notice Received</detailedorderhistorystate>
  <detailedorderhistorystate id="invoicereceived" systemrestricted="true" name="Invoice Received">Invoice Received</detailedorderhistorystate>
  <detailedorderhistorystate id="invoicepaid" systemrestricted="false" name="Invoice Paid">Invoice Paid</detailedorderhistorystate>
  <detailedorderhistorystate id="shippingupdatedmanually" systemrestricted="false" name="Shipping Updated Manually">Shipping Updated Manually</detailedorderhistorystate>
  <detailedorderhistorystate id="orderupdatedmanually" systemrestricted="false" name="Order Updated Manually">Order Updated Manually</detailedorderhistorystate>
  <detailedorderhistorystate id="itemsrefunded" systemrestricted="true" name="Items Refunded">Items Refunded</detailedorderhistorystate>
  <detailedorderhistorystate id="fullyshipped" systemrestricted="false" name="Fully Shipped">Fully Shipped</detailedorderhistorystate>
  <detailedorderhistorystate id="cancelled" systemrestricted="true" name="Cancelled">Cancelled</detailedorderhistorystate>
  <detailedorderhistorystate id="closed" systemrestricted="false" name="Closed">Closed</detailedorderhistorystate>
  <detailedorderhistorystate id="emailsenttodistributors" name="Email Sent To Distributors" systemrestricted="true">Email Sent To Distributors</detailedorderhistorystate>  
  <detailedorderhistorystate id="distributorupdatedshipping" name="Distributor Updated Shipping" systemrestricted="true">Distributor Updated Shipping</detailedorderhistorystate>
</detailedorderhistorystates>
