<?xml version="1.0" encoding="UTF-8"?>

<questioncategories>
  <questioncategory id="51">RCMP Directions</questioncategory>
  <questioncategory id="78">A-EMCA REVIEW TEST 1 - Scenario 8</questioncategory>
  <questioncategory id="38">Grammar</questioncategory>
  <questioncategory id="18">Firefighter: Job Performance Capabilities (Judgment)</questioncategory>
  <questioncategory id="22">Firefighter: Emotional Response</questioncategory>
  <questioncategory id="81">Employment Recruitment Entry Exam Practice Test 2</questioncategory>
  <questioncategory id="15">Reading Comprehension 1 - 20 Questions Title : Rural Fire Departments</questioncategory>
  <questioncategory id="37">Police Logic Questions</questioncategory>
  <questioncategory id="3">Travel Time/Mapping Questions</questioncategory>
  <questioncategory id="71">A-EMCA REVIEW TEST 2 - Scenario 3</questioncategory>
  <questioncategory id="77">A-EMCA REVIEW TEST 1 - Multiple Choice</questioncategory>
  <questioncategory id="26">Fire &amp; Police Reading Comprehension 5 - 20 Questions Title : Rank Structure</questioncategory>
  <questioncategory id="80">Employment Recruitment Entry Exam Practice Test 1</questioncategory>
  <questioncategory id="74">A-EMCA REVIEW TEST 1 - Scenario 5</questioncategory>
  <questioncategory id="79">A-EMCA REVIEW TEST 1 - Scenario 9</questioncategory>
  <questioncategory id="16">Firefighter: Work Relations / Dealing with People / Group &amp; Team Issues</questioncategory>
  <questioncategory id="13">Firefighter: Mechanical Aptitude</questioncategory>
  <questioncategory id="70">A-EMCA REVIEW TEST 2 - Scenario 2</questioncategory>
  <questioncategory id="21">Firefighter: Confidence</questioncategory>
  <questioncategory id="36">Police Judgment Questions</questioncategory>
  <questioncategory id="48">RCMP Comprehension 1</questioncategory>
  <questioncategory id="54">RCMP / Police Word Definitions</questioncategory>
  <questioncategory id="73">A-EMCA REVIEW TEST 2 - Multiple Choice</questioncategory>
  <questioncategory id="72">A-EMCA REVIEW TEST 2 - Scenario 4</questioncategory>
  <questioncategory id="41">Police Comprehension 2 - 12 Questions Title : Ohio Businessman</questioncategory>
  <questioncategory id="55">RCMP Sentence Completion</questioncategory>
  <questioncategory id="56">RCMP Misspelled Words</questioncategory>
  <questioncategory id="24">Reading Comprehension 3 - 20 Questions Title : Los Angeles Wild Fires</questioncategory>
  <questioncategory id="63">Firefighter: Audio Questions 4</questioncategory>
  <questioncategory id="83">Corrections Math Word Problems</questioncategory>
  <questioncategory id="8">Syllogisms</questioncategory>
  <questioncategory id="60">Firefighter: Audio Questions 1</questioncategory>
  <questioncategory id="27">Reading Comprehension 6 - 20 Questions Title : ANYFD Structure (LONG READ)</questioncategory>
  <questioncategory id="25">Reading Comprehension 4 - 20 Questions Title : ANYFD (LONG READ)</questioncategory>
  <questioncategory id="62">Firefighter: Audio Questions 3</questioncategory>
  <questioncategory id="6">Quantitative Reasoning: Word Problems</questioncategory>
  <questioncategory id="11">Firefighter: Word Problems</questioncategory>
  <questioncategory id="75">A-EMCA REVIEW TEST 1 - Scenario 6</questioncategory>
  <questioncategory id="49">RCMP Comprehension 2</questioncategory>
  <questioncategory id="44">Written Communication Test / Incident Report Test Level 2</questioncategory>
  <questioncategory id="23">Reading Comprehension 2 - 22 Questions Title : Job Descript (LONG READ)</questioncategory>
  <questioncategory id="33">Written Communication Test / Incident Report Tests Level 1</questioncategory>
  <questioncategory id="40">Police Comprehension 1 - 15 Questions Title : Negligence Causing Death</questioncategory>
  <questioncategory id="82">Corrections Word Logic Problems</questioncategory>
  <questioncategory id="47">Police Memory / Observation Book 4 Questions</questioncategory>
  <questioncategory id="34">Police Memory / Observation Book 1 Questions</questioncategory>
  <questioncategory id="46">Police Memory / Observation Book 3 Questions</questioncategory>
  <questioncategory id="50">RCMP Vehicle Collision Logical Order</questioncategory>
  <questioncategory id="45">Police Memory / Observation Book 2 Questions</questioncategory>
  <questioncategory id="61">Firefighter: Audio Questions 2</questioncategory>
  <questioncategory id="42">Police Comprehension 3 - 10 Questions Title : White Collar Crime</questioncategory>
  <questioncategory id="59">RCMP Memory Recall Book B</questioncategory>
  <questioncategory id="76">A-EMCA REVIEW TEST 1 - Scenario 7</questioncategory>
  <questioncategory id="58">RCMP Memory Recall Book A</questioncategory>
  <questioncategory id="20">Firefighter: Distress and Job Performance</questioncategory>
  <questioncategory id="53">RCMP Letter Series</questioncategory>
  <questioncategory id="43">Police Comprehension 4 - 6 Questions Title : Irag Conflict</questioncategory>
  <questioncategory id="10">Quantitative Reasoning: General Math</questioncategory>
  <questioncategory id="17">Firefighter: Spatial Orientation 1</questioncategory>
  <questioncategory id="28">Firefighter: Spatial Orientation 2</questioncategory>
  <questioncategory id="31">Firefighter: Spatial Orientation 5</questioncategory>
  <questioncategory id="29">Firefighter: Spatial Orientation 3</questioncategory>
  <questioncategory id="30">Firefighter: Spatial Orientation 4</questioncategory>
  <questioncategory id="52">Number Series</questioncategory>
  <questioncategory id="7">Image Series Questions</questioncategory>
  <questioncategory id="4">Image Classification/Matching Questions</questioncategory>
  <questioncategory id="32">Firefighter: Spatial Orientation 6</questioncategory>
  <questioncategory id="69">A-EMCA REVIEW TEST 2 - Scenario 1</questioncategory>
  <questioncategory id="5">Quantitative Reasoning: General Math</questioncategory>
  <questioncategory id="39">Vocabulary</questioncategory>
  <questioncategory id="35">Spelling Questions</questioncategory>
  <questioncategory id="14">Firefighter: Tools</questioncategory>
  <questioncategory id="67">Spatial/Folding</questioncategory>
  <questioncategory id="57">RCMP Matching Faces / Witness Identification</questioncategory>
  <questioncategory id="68">CFAT Series Images</questioncategory>
</questioncategories>
