<?xml version="1.0" encoding="UTF-8"?>

<slidess>
  <slides id="101-0" page="0" slideshow="101" notes="*" blah="*"/>
  <slides id="101-1" page="1" slideshow="101" notes="http://www.gtfd.info/?paged=7*" blah="http://www.gtfd.info/?paged=7*"/>
  <slides id="101-2" page="2" slideshow="101"/>
  <slides id="101-3" page="3" slideshow="101"/>
  <slides id="101-4" page="4" slideshow="101"/>
  <slides id="101-5" page="5" slideshow="101" notes="*" blah="*"/>
  <slides id="101-6" page="6" slideshow="101"/>
  <slides id="101-7" page="7" slideshow="101"/>
  <slides id="101-8" page="8" slideshow="101"/>
  <slides id="101-9" page="9" slideshow="101"/>
  <slides id="101-10" page="10" slideshow="101"/>
  <slides id="101-11" page="11" slideshow="101"/>
  <slides id="101-12" page="12" slideshow="101"/>
  <slides id="101-13" page="13" slideshow="101"/>
  <slides id="101-14" page="14" slideshow="101"/>
  <slides id="101-15" page="15" slideshow="101"/>
  <slides id="101-16" page="16" slideshow="101"/>
  <slides id="101-17" page="17" slideshow="101"/>
  <slides id="101-18" page="18" slideshow="101" notes="*" blah="*"/>
  <slides id="101-19" page="19" slideshow="101"/>
  <slides id="101-20" page="20" slideshow="101"/>
  <slides id="101-21" page="21" slideshow="101"/>
  <slides id="101-22" page="22" slideshow="101"/>
  <slides id="101-23" page="23" slideshow="101" notes="something"/>
  <slides id="101-24" page="24" slideshow="101"/>
  <slides id="101-25" page="25" slideshow="101"/>
  <slides id="101-26" page="26" slideshow="101"/>
  <slides id="101-27" page="27" slideshow="101"/>
  <slides id="101-28" page="28" slideshow="101"/>
  <slides id="101-29" page="29" slideshow="101"/>
  <slides id="101-30" page="30" slideshow="101"/>
  <slides id="101-31" page="31" slideshow="101" notes="*http://static.guim.co.uk/sys-images/Guardian/Pix/pictures/2009/4/16/1239919130851/A-fuel-tanker-on-fire-in--001.jpg" blah="*http://static.guim.co.uk/sys-images/Guardian/Pix/pictures/2009/4/16/1239919130851/A-fuel-tanker-on-fire-in--001.jpg"/>
  <slides id="101-32" page="32" slideshow="101"/>
  <slides id="101-33" page="33" slideshow="101"/>
  <slides id="101-34" page="34" slideshow="101"/>
  <slides id="101-35" page="35" slideshow="101"/>
  <slides id="101-36" page="36" slideshow="101"/>
  <slides id="101-37" page="37" slideshow="101"/>
  <slides id="101-38" page="38" slideshow="101"/>
  <slides id="101-39" page="39" slideshow="101"/>
  <slides id="101-40" page="40" slideshow="101" notes="*https://www.tc.gc.ca/civilaviation/certification/continuing/alert/2009-05.htm" blah="*https://www.tc.gc.ca/civilaviation/certification/continuing/alert/2009-05.htm"/>
  <slides id="101-41" page="41" slideshow="101"/>
  <slides id="101-42" page="42" slideshow="101"/>
  <slides id="101-43" page="43" slideshow="101"/>
  <slides id="101-44" page="44" slideshow="101"/>
  <slides id="101-45" page="45" slideshow="101"/>
  <slides id="101-46" page="46" slideshow="101"/>
  <slides id="101-47" page="47" slideshow="101"/>
  <slides id="101-48" page="48" slideshow="101"/>
  <slides id="101-49" page="49" slideshow="101"/>
  <slides id="101-50" page="50" slideshow="101"/>
  <slides id="101-51" page="51" slideshow="101"/>
  <slides id="101-52" page="52" slideshow="101"/>
  <slides id="101-53" page="53" slideshow="101"/>
  <slides id="101-54" page="54" slideshow="101"/>
  <slides id="101-55" page="55" slideshow="101"/>
  <slides id="101-56" page="56" slideshow="101"/>
  <slides id="101-57" page="57" slideshow="101"/>
  <slides id="101-58" page="58" slideshow="101"/>
  <slides id="101-59" page="59" slideshow="101"/>
  <slides id="101-60" page="60" slideshow="101"/>
  <slides id="101-61" page="61" slideshow="101"/>
  <slides id="101-62" page="62" slideshow="101"/>
  <slides id="101-63" page="63" slideshow="101"/>
  <slides id="101-64" page="64" slideshow="101"/>
  <slides id="101-65" page="65" slideshow="101"/>
  <slides id="101-66" page="66" slideshow="101"/>
  <slides id="101-67" page="67" slideshow="101"/>
  <slides id="101-68" page="68" slideshow="101"/>
  <slides id="101-69" page="69" slideshow="101"/>
  <slides id="101-70" page="70" slideshow="101"/>
  <slides id="101-71" page="71" slideshow="101"/>
  <slides id="101-72" page="72" slideshow="101"/>
  <slides id="101-73" page="73" slideshow="101"/>
  <slides id="101-74" page="74" slideshow="101"/>
  <slides id="101-75" page="75" slideshow="101"/>
  <slides id="101-76" page="76" slideshow="101"/>
  <slides id="101-77" page="77" slideshow="101" notes="*" blah="*"/>
  <slides id="101-78" page="78" slideshow="101"/>
  <slides id="101-79" page="79" slideshow="101"/>
  <slides id="101-80" page="80" slideshow="101"/>
  <slides id="101-81" page="81" slideshow="101"/>
  <slides id="101-82" page="82" slideshow="101"/>
  <slides id="101-83" page="83" slideshow="101"/>
  <slides id="101-84" page="84" slideshow="101"/>
  <slides id="101-85" page="85" slideshow="101"/>
  <slides id="101-86" page="86" slideshow="101"/>
  <slides id="101-87" page="87" slideshow="101"></slides>
</slidess>
