<?xml version="1.0" encoding="UTF-8"?>

<stopwords>
	<stopword id="101" name="'ll">'ll</stopword>
	<stopword id="102" name="'ve">'ve</stopword>
	<stopword id="103" name="a">a</stopword>
	<stopword id="104" name="a's">a's</stopword>
	<stopword id="105" name="able">able</stopword>
	<stopword id="106" name="about">about</stopword>
	<stopword id="107" name="above">above</stopword>
	<stopword id="108" name="abst">abst</stopword>
	<stopword id="109" name="accordance">accordance</stopword>
	<stopword id="110" name="according">according</stopword>
	<stopword id="111" name="accordingly">accordingly</stopword>
	<stopword id="112" name="across">across</stopword>
	<stopword id="113" name="act">act</stopword>
	<stopword id="114" name="actually">actually</stopword>
	<stopword id="115" name="added">added</stopword>
	<stopword id="116" name="adj">adj</stopword>
	<stopword id="117" name="affected">affected</stopword>
	<stopword id="118" name="affecting">affecting</stopword>
	<stopword id="119" name="affects">affects</stopword>
	<stopword id="120" name="after">after</stopword>
	<stopword id="121" name="afterwards">afterwards</stopword>
	<stopword id="122" name="again">again</stopword>
	<stopword id="123" name="against">against</stopword>
	<stopword id="124" name="ah">ah</stopword>
	<stopword id="125" name="ain't">ain't</stopword>
	<stopword id="126" name="all">all</stopword>
	<stopword id="127" name="allow">allow</stopword>
	<stopword id="128" name="allows">allows</stopword>
	<stopword id="129" name="almost">almost</stopword>
	<stopword id="130" name="alone">alone</stopword>
	<stopword id="131" name="along">along</stopword>
	<stopword id="132" name="already">already</stopword>
	<stopword id="133" name="also">also</stopword>
	<stopword id="134" name="although">although</stopword>
	<stopword id="135" name="always">always</stopword>
	<stopword id="136" name="am">am</stopword>
	<stopword id="137" name="among">among</stopword>
	<stopword id="138" name="amongst">amongst</stopword>
	<stopword id="139" name="an">an</stopword>
	<stopword id="140" name="and">and</stopword>
	<stopword id="141" name="announce">announce</stopword>
	<stopword id="142" name="another">another</stopword>
	<stopword id="143" name="any">any</stopword>
	<stopword id="144" name="anybody">anybody</stopword>
	<stopword id="145" name="anyhow">anyhow</stopword>
	<stopword id="146" name="anymore">anymore</stopword>
	<stopword id="147" name="anyone">anyone</stopword>
	<stopword id="148" name="anything">anything</stopword>
	<stopword id="149" name="anyway">anyway</stopword>
	<stopword id="150" name="anyways">anyways</stopword>
	<stopword id="151" name="anywhere">anywhere</stopword>
	<stopword id="152" name="apart">apart</stopword>
	<stopword id="153" name="apparently">apparently</stopword>
	<stopword id="154" name="appear">appear</stopword>
	<stopword id="155" name="appreciate">appreciate</stopword>
	<stopword id="156" name="appropriate">appropriate</stopword>
	<stopword id="157" name="approximately">approximately</stopword>
	<stopword id="158" name="are">are</stopword>
	<stopword id="159" name="aren">aren</stopword>
	<stopword id="160" name="aren't">aren't</stopword>
	<stopword id="161" name="arent">arent</stopword>
	<stopword id="162" name="arise">arise</stopword>
	<stopword id="163" name="around">around</stopword>
	<stopword id="164" name="as">as</stopword>
	<stopword id="165" name="aside">aside</stopword>
	<stopword id="166" name="ask">ask</stopword>
	<stopword id="167" name="asking">asking</stopword>
	<stopword id="168" name="associated">associated</stopword>
	<stopword id="169" name="at">at</stopword>
	<stopword id="170" name="auth">auth</stopword>
	<stopword id="171" name="available">available</stopword>
	<stopword id="172" name="away">away</stopword>
	<stopword id="173" name="awfully">awfully</stopword>
	<stopword id="174" name="b">b</stopword>
	<stopword id="175" name="back">back</stopword>
	<stopword id="176" name="be">be</stopword>
	<stopword id="177" name="became">became</stopword>
	<stopword id="178" name="because">because</stopword>
	<stopword id="179" name="become">become</stopword>
	<stopword id="180" name="becomes">becomes</stopword>
	<stopword id="181" name="becoming">becoming</stopword>
	<stopword id="182" name="been">been</stopword>
	<stopword id="183" name="before">before</stopword>
	<stopword id="184" name="beforehand">beforehand</stopword>
	<stopword id="185" name="begin">begin</stopword>
	<stopword id="186" name="beginning">beginning</stopword>
	<stopword id="187" name="beginnings">beginnings</stopword>
	<stopword id="188" name="begins">begins</stopword>
	<stopword id="189" name="behind">behind</stopword>
	<stopword id="190" name="being">being</stopword>
	<stopword id="191" name="believe">believe</stopword>
	<stopword id="192" name="below">below</stopword>
	<stopword id="193" name="beside">beside</stopword>
	<stopword id="194" name="besides">besides</stopword>
	<stopword id="195" name="best">best</stopword>
	<stopword id="196" name="better">better</stopword>
	<stopword id="197" name="between">between</stopword>
	<stopword id="198" name="beyond">beyond</stopword>
	<stopword id="199" name="biol">biol</stopword>
	<stopword id="200" name="both">both</stopword>
	<stopword id="201" name="brief">brief</stopword>
	<stopword id="202" name="briefly">briefly</stopword>
	<stopword id="203" name="but">but</stopword>
	<stopword id="204" name="by">by</stopword>
	<stopword id="205" name="c">c</stopword>
	<stopword id="206" name="c'mon">c'mon</stopword>
	<stopword id="207" name="c's">c's</stopword>
	<stopword id="208" name="ca">ca</stopword>
	<stopword id="209" name="came">came</stopword>
	<stopword id="210" name="can">can</stopword>
	<stopword id="211" name="can't">can't</stopword>
	<stopword id="212" name="cannot">cannot</stopword>
	<stopword id="213" name="cant">cant</stopword>
	<stopword id="214" name="cause">cause</stopword>
	<stopword id="215" name="causes">causes</stopword>
	<stopword id="216" name="certain">certain</stopword>
	<stopword id="217" name="certainly">certainly</stopword>
	<stopword id="218" name="changes">changes</stopword>
	<stopword id="219" name="clearly">clearly</stopword>
	<stopword id="220" name="co">co</stopword>
	<stopword id="221" name="com">com</stopword>
	<stopword id="222" name="come">come</stopword>
	<stopword id="223" name="comes">comes</stopword>
	<stopword id="224" name="concerning">concerning</stopword>
	<stopword id="225" name="consequently">consequently</stopword>
	<stopword id="226" name="consider">consider</stopword>
	<stopword id="227" name="considering">considering</stopword>
	<stopword id="228" name="contain">contain</stopword>
	<stopword id="229" name="containing">containing</stopword>
	<stopword id="230" name="contains">contains</stopword>
	<stopword id="231" name="corresponding">corresponding</stopword>
	<stopword id="232" name="could">could</stopword>
	<stopword id="233" name="couldn't">couldn't</stopword>
	<stopword id="234" name="couldnt">couldnt</stopword>
	<stopword id="235" name="course">course</stopword>
	<stopword id="236" name="currently">currently</stopword>
	<stopword id="237" name="d">d</stopword>
	<stopword id="238" name="date">date</stopword>
	<stopword id="239" name="definitely">definitely</stopword>
	<stopword id="240" name="described">described</stopword>
	<stopword id="241" name="despite">despite</stopword>
	<stopword id="242" name="did">did</stopword>
	<stopword id="243" name="didn't">didn't</stopword>
	<stopword id="244" name="different">different</stopword>
	<stopword id="245" name="do">do</stopword>
	<stopword id="246" name="does">does</stopword>
	<stopword id="247" name="doesn't">doesn't</stopword>
	<stopword id="248" name="doing">doing</stopword>
	<stopword id="249" name="don't">don't</stopword>
	<stopword id="250" name="done">done</stopword>
	<stopword id="251" name="down">down</stopword>
	<stopword id="252" name="downwards">downwards</stopword>
	<stopword id="253" name="due">due</stopword>
	<stopword id="254" name="during">during</stopword>
	<stopword id="255" name="e">e</stopword>
	<stopword id="256" name="each">each</stopword>
	<stopword id="257" name="ed">ed</stopword>
	<stopword id="258" name="edu">edu</stopword>
	<stopword id="259" name="effect">effect</stopword>
	<stopword id="260" name="eg">eg</stopword>
	<stopword id="261" name="eight">eight</stopword>
	<stopword id="262" name="eighty">eighty</stopword>
	<stopword id="263" name="either">either</stopword>
	<stopword id="264" name="else">else</stopword>
	<stopword id="265" name="elsewhere">elsewhere</stopword>
	<stopword id="266" name="end">end</stopword>
	<stopword id="267" name="ending">ending</stopword>
	<stopword id="268" name="enough">enough</stopword>
	<stopword id="269" name="entirely">entirely</stopword>
	<stopword id="270" name="especially">especially</stopword>
	<stopword id="271" name="et">et</stopword>
	<stopword id="272" name="et-al">et-al</stopword>
	<stopword id="273" name="etc">etc</stopword>
	<stopword id="274" name="even">even</stopword>
	<stopword id="275" name="ever">ever</stopword>
	<stopword id="276" name="every">every</stopword>
	<stopword id="277" name="everybody">everybody</stopword>
	<stopword id="278" name="everyone">everyone</stopword>
	<stopword id="279" name="everything">everything</stopword>
	<stopword id="280" name="everywhere">everywhere</stopword>
	<stopword id="281" name="ex">ex</stopword>
	<stopword id="282" name="exactly">exactly</stopword>
	<stopword id="283" name="example">example</stopword>
	<stopword id="284" name="except">except</stopword>
	<stopword id="285" name="f">f</stopword>
	<stopword id="286" name="far">far</stopword>
	<stopword id="287" name="few">few</stopword>
	<stopword id="288" name="ff">ff</stopword>
	<stopword id="289" name="fifth">fifth</stopword>
	<stopword id="290" name="first">first</stopword>
	<stopword id="291" name="five">five</stopword>
	<stopword id="292" name="fix">fix</stopword>
	<stopword id="293" name="followed">followed</stopword>
	<stopword id="294" name="following">following</stopword>
	<stopword id="295" name="follows">follows</stopword>
	<stopword id="296" name="for">for</stopword>
	<stopword id="297" name="former">former</stopword>
	<stopword id="298" name="formerly">formerly</stopword>
	<stopword id="299" name="forth">forth</stopword>
	<stopword id="300" name="found">found</stopword>
	<stopword id="301" name="four">four</stopword>
	<stopword id="302" name="from">from</stopword>
	<stopword id="303" name="further">further</stopword>
	<stopword id="304" name="furthermore">furthermore</stopword>
	<stopword id="305" name="g">g</stopword>
	<stopword id="306" name="gave">gave</stopword>
	<stopword id="307" name="get">get</stopword>
	<stopword id="308" name="gets">gets</stopword>
	<stopword id="309" name="getting">getting</stopword>
	<stopword id="310" name="give">give</stopword>
	<stopword id="311" name="given">given</stopword>
	<stopword id="312" name="gives">gives</stopword>
	<stopword id="313" name="giving">giving</stopword>
	<stopword id="314" name="go">go</stopword>
	<stopword id="315" name="goes">goes</stopword>
	<stopword id="316" name="going">going</stopword>
	<stopword id="317" name="gone">gone</stopword>
	<stopword id="318" name="got">got</stopword>
	<stopword id="319" name="gotten">gotten</stopword>
	<stopword id="320" name="greetings">greetings</stopword>
	<stopword id="321" name="h">h</stopword>
	<stopword id="322" name="had">had</stopword>
	<stopword id="323" name="hadn't">hadn't</stopword>
	<stopword id="324" name="happens">happens</stopword>
	<stopword id="325" name="hardly">hardly</stopword>
	<stopword id="326" name="has">has</stopword>
	<stopword id="327" name="hasn't">hasn't</stopword>
	<stopword id="328" name="have">have</stopword>
	<stopword id="329" name="haven't">haven't</stopword>
	<stopword id="330" name="having">having</stopword>
	<stopword id="331" name="he">he</stopword>
	<stopword id="332" name="he'd">he'd</stopword>
	<stopword id="333" name="he'll">he'll</stopword>
	<stopword id="334" name="he's">he's</stopword>
	<stopword id="335" name="hed">hed</stopword>
	<stopword id="336" name="hello">hello</stopword>
	<stopword id="337" name="help">help</stopword>
	<stopword id="338" name="hence">hence</stopword>
	<stopword id="339" name="her">her</stopword>
	<stopword id="340" name="here">here</stopword>
	<stopword id="341" name="here's">here's</stopword>
	<stopword id="342" name="hereafter">hereafter</stopword>
	<stopword id="343" name="hereby">hereby</stopword>
	<stopword id="344" name="herein">herein</stopword>
	<stopword id="345" name="heres">heres</stopword>
	<stopword id="346" name="hereupon">hereupon</stopword>
	<stopword id="347" name="hers">hers</stopword>
	<stopword id="348" name="herself">herself</stopword>
	<stopword id="349" name="hes">hes</stopword>
	<stopword id="350" name="hi">hi</stopword>
	<stopword id="351" name="hid">hid</stopword>
	<stopword id="352" name="him">him</stopword>
	<stopword id="353" name="himself">himself</stopword>
	<stopword id="354" name="his">his</stopword>
	<stopword id="355" name="hither">hither</stopword>
	<stopword id="356" name="home">home</stopword>
	<stopword id="357" name="hopefully">hopefully</stopword>
	<stopword id="358" name="how">how</stopword>
	<stopword id="359" name="how's">how's</stopword>
	<stopword id="360" name="howbeit">howbeit</stopword>
	<stopword id="361" name="however">however</stopword>
	<stopword id="362" name="hundred">hundred</stopword>
	<stopword id="363" name="i">i</stopword>
	<stopword id="364" name="i'd">i'd</stopword>
	<stopword id="365" name="i'll">i'll</stopword>
	<stopword id="366" name="i'm">i'm</stopword>
	<stopword id="367" name="i've">i've</stopword>
	<stopword id="368" name="id">id</stopword>
	<stopword id="369" name="ie">ie</stopword>
	<stopword id="370" name="if">if</stopword>
	<stopword id="371" name="ignored">ignored</stopword>
	<stopword id="372" name="im">im</stopword>
	<stopword id="373" name="immediate">immediate</stopword>
	<stopword id="374" name="immediately">immediately</stopword>
	<stopword id="375" name="importance">importance</stopword>
	<stopword id="376" name="important">important</stopword>
	<stopword id="377" name="in">in</stopword>
	<stopword id="378" name="inasmuch">inasmuch</stopword>
	<stopword id="379" name="inc">inc</stopword>
	<stopword id="380" name="indeed">indeed</stopword>
	<stopword id="381" name="index">index</stopword>
	<stopword id="382" name="indicate">indicate</stopword>
	<stopword id="383" name="indicated">indicated</stopword>
	<stopword id="384" name="indicates">indicates</stopword>
	<stopword id="385" name="information">information</stopword>
	<stopword id="386" name="inner">inner</stopword>
	<stopword id="387" name="insofar">insofar</stopword>
	<stopword id="388" name="instead">instead</stopword>
	<stopword id="389" name="into">into</stopword>
	<stopword id="390" name="invention">invention</stopword>
	<stopword id="391" name="inward">inward</stopword>
	<stopword id="392" name="is">is</stopword>
	<stopword id="393" name="isn't">isn't</stopword>
	<stopword id="394" name="it">it</stopword>
	<stopword id="395" name="it'd">it'd</stopword>
	<stopword id="396" name="it'll">it'll</stopword>
	<stopword id="397" name="it's">it's</stopword>
	<stopword id="398" name="itd">itd</stopword>
	<stopword id="399" name="its">its</stopword>
	<stopword id="400" name="itself">itself</stopword>
	<stopword id="401" name="j">j</stopword>
	<stopword id="402" name="just">just</stopword>
	<stopword id="403" name="k">k</stopword>
	<stopword id="404" name="keep">keep</stopword>
	<stopword id="405" name="keeps">keeps</stopword>
	<stopword id="406" name="kept">kept</stopword>
	<stopword id="407" name="kg">kg</stopword>
	<stopword id="408" name="km">km</stopword>
	<stopword id="409" name="know">know</stopword>
	<stopword id="410" name="known">known</stopword>
	<stopword id="411" name="knows">knows</stopword>
	<stopword id="412" name="l">l</stopword>
	<stopword id="413" name="largely">largely</stopword>
	<stopword id="414" name="last">last</stopword>
	<stopword id="415" name="lately">lately</stopword>
	<stopword id="416" name="later">later</stopword>
	<stopword id="417" name="latter">latter</stopword>
	<stopword id="418" name="latterly">latterly</stopword>
	<stopword id="419" name="least">least</stopword>
	<stopword id="420" name="less">less</stopword>
	<stopword id="421" name="lest">lest</stopword>
	<stopword id="422" name="let">let</stopword>
	<stopword id="423" name="let's">let's</stopword>
	<stopword id="424" name="lets">lets</stopword>
	<stopword id="425" name="like">like</stopword>
	<stopword id="426" name="liked">liked</stopword>
	<stopword id="427" name="likely">likely</stopword>
	<stopword id="428" name="line">line</stopword>
	<stopword id="429" name="little">little</stopword>
	<stopword id="430" name="look">look</stopword>
	<stopword id="431" name="looking">looking</stopword>
	<stopword id="432" name="looks">looks</stopword>
	<stopword id="433" name="ltd">ltd</stopword>
	<stopword id="434" name="m">m</stopword>
	<stopword id="435" name="made">made</stopword>
	<stopword id="436" name="mainly">mainly</stopword>
	<stopword id="437" name="make">make</stopword>
	<stopword id="438" name="makes">makes</stopword>
	<stopword id="439" name="many">many</stopword>
	<stopword id="440" name="may">may</stopword>
	<stopword id="441" name="maybe">maybe</stopword>
	<stopword id="442" name="me">me</stopword>
	<stopword id="443" name="mean">mean</stopword>
	<stopword id="444" name="means">means</stopword>
	<stopword id="445" name="meantime">meantime</stopword>
	<stopword id="446" name="meanwhile">meanwhile</stopword>
	<stopword id="447" name="merely">merely</stopword>
	<stopword id="448" name="mg">mg</stopword>
	<stopword id="449" name="might">might</stopword>
	<stopword id="450" name="million">million</stopword>
	<stopword id="451" name="miss">miss</stopword>
	<stopword id="452" name="ml">ml</stopword>
	<stopword id="453" name="more">more</stopword>
	<stopword id="454" name="moreover">moreover</stopword>
	<stopword id="455" name="most">most</stopword>
	<stopword id="456" name="mostly">mostly</stopword>
	<stopword id="457" name="mr">mr</stopword>
	<stopword id="458" name="mrs">mrs</stopword>
	<stopword id="459" name="much">much</stopword>
	<stopword id="460" name="mug">mug</stopword>
	<stopword id="461" name="must">must</stopword>
	<stopword id="462" name="mustn't">mustn't</stopword>
	<stopword id="463" name="my">my</stopword>
	<stopword id="464" name="myself">myself</stopword>
	<stopword id="465" name="n">n</stopword>
	<stopword id="466" name="na">na</stopword>
	<stopword id="467" name="name">name</stopword>
	<stopword id="468" name="namely">namely</stopword>
	<stopword id="469" name="nay">nay</stopword>
	<stopword id="470" name="nd">nd</stopword>
	<stopword id="471" name="near">near</stopword>
	<stopword id="472" name="nearly">nearly</stopword>
	<stopword id="473" name="necessarily">necessarily</stopword>
	<stopword id="474" name="necessary">necessary</stopword>
	<stopword id="475" name="need">need</stopword>
	<stopword id="476" name="needs">needs</stopword>
	<stopword id="477" name="neither">neither</stopword>
	<stopword id="478" name="never">never</stopword>
	<stopword id="479" name="nevertheless">nevertheless</stopword>
	<stopword id="480" name="new">new</stopword>
	<stopword id="481" name="next">next</stopword>
	<stopword id="482" name="nine">nine</stopword>
	<stopword id="483" name="ninety">ninety</stopword>
	<stopword id="484" name="no">no</stopword>
	<stopword id="485" name="nobody">nobody</stopword>
	<stopword id="486" name="non">non</stopword>
	<stopword id="487" name="none">none</stopword>
	<stopword id="488" name="nonetheless">nonetheless</stopword>
	<stopword id="489" name="noone">noone</stopword>
	<stopword id="490" name="nor">nor</stopword>
	<stopword id="491" name="normally">normally</stopword>
	<stopword id="492" name="nos">nos</stopword>
	<stopword id="493" name="not">not</stopword>
	<stopword id="494" name="noted">noted</stopword>
	<stopword id="495" name="nothing">nothing</stopword>
	<stopword id="496" name="novel">novel</stopword>
	<stopword id="497" name="now">now</stopword>
	<stopword id="498" name="nowhere">nowhere</stopword>
	<stopword id="499" name="o">o</stopword>
	<stopword id="500" name="obtain">obtain</stopword>
	<stopword id="501" name="obtained">obtained</stopword>
	<stopword id="502" name="obviously">obviously</stopword>
	<stopword id="503" name="of">of</stopword>
	<stopword id="504" name="off">off</stopword>
	<stopword id="505" name="often">often</stopword>
	<stopword id="506" name="oh">oh</stopword>
	<stopword id="507" name="ok">ok</stopword>
	<stopword id="508" name="okay">okay</stopword>
	<stopword id="509" name="old">old</stopword>
	<stopword id="510" name="omitted">omitted</stopword>
	<stopword id="511" name="on">on</stopword>
	<stopword id="512" name="once">once</stopword>
	<stopword id="513" name="one">one</stopword>
	<stopword id="514" name="ones">ones</stopword>
	<stopword id="515" name="only">only</stopword>
	<stopword id="516" name="onto">onto</stopword>
	<stopword id="517" name="or">or</stopword>
	<stopword id="518" name="ord">ord</stopword>
	<stopword id="519" name="other">other</stopword>
	<stopword id="520" name="others">others</stopword>
	<stopword id="521" name="otherwise">otherwise</stopword>
	<stopword id="522" name="ought">ought</stopword>
	<stopword id="523" name="our">our</stopword>
	<stopword id="524" name="ours">ours</stopword>
	<stopword id="525" name="ourselves">ourselves</stopword>
	<stopword id="526" name="out">out</stopword>
	<stopword id="527" name="outside">outside</stopword>
	<stopword id="528" name="over">over</stopword>
	<stopword id="529" name="overall">overall</stopword>
	<stopword id="530" name="owing">owing</stopword>
	<stopword id="531" name="own">own</stopword>
	<stopword id="532" name="p">p</stopword>
	<stopword id="533" name="page">page</stopword>
	<stopword id="534" name="pages">pages</stopword>
	<stopword id="535" name="part">part</stopword>
	<stopword id="536" name="particular">particular</stopword>
	<stopword id="537" name="particularly">particularly</stopword>
	<stopword id="538" name="past">past</stopword>
	<stopword id="539" name="per">per</stopword>
	<stopword id="540" name="perhaps">perhaps</stopword>
	<stopword id="541" name="placed">placed</stopword>
	<stopword id="542" name="please">please</stopword>
	<stopword id="543" name="plus">plus</stopword>
	<stopword id="544" name="poorly">poorly</stopword>
	<stopword id="545" name="possible">possible</stopword>
	<stopword id="546" name="possibly">possibly</stopword>
	<stopword id="547" name="potentially">potentially</stopword>
	<stopword id="548" name="pp">pp</stopword>
	<stopword id="549" name="predominantly">predominantly</stopword>
	<stopword id="550" name="present">present</stopword>
	<stopword id="551" name="presumably">presumably</stopword>
	<stopword id="552" name="previously">previously</stopword>
	<stopword id="553" name="primarily">primarily</stopword>
	<stopword id="554" name="probably">probably</stopword>
	<stopword id="555" name="promptly">promptly</stopword>
	<stopword id="556" name="proud">proud</stopword>
	<stopword id="557" name="provides">provides</stopword>
	<stopword id="558" name="put">put</stopword>
	<stopword id="559" name="q">q</stopword>
	<stopword id="560" name="que">que</stopword>
	<stopword id="561" name="quickly">quickly</stopword>
	<stopword id="562" name="quite">quite</stopword>
	<stopword id="563" name="qv">qv</stopword>
	<stopword id="564" name="r">r</stopword>
	<stopword id="565" name="ran">ran</stopword>
	<stopword id="566" name="rather">rather</stopword>
	<stopword id="567" name="rd">rd</stopword>
	<stopword id="568" name="re">re</stopword>
	<stopword id="569" name="readily">readily</stopword>
	<stopword id="570" name="really">really</stopword>
	<stopword id="571" name="reasonably">reasonably</stopword>
	<stopword id="572" name="recent">recent</stopword>
	<stopword id="573" name="recently">recently</stopword>
	<stopword id="574" name="ref">ref</stopword>
	<stopword id="575" name="refs">refs</stopword>
	<stopword id="576" name="regarding">regarding</stopword>
	<stopword id="577" name="regardless">regardless</stopword>
	<stopword id="578" name="regards">regards</stopword>
	<stopword id="579" name="related">related</stopword>
	<stopword id="580" name="relatively">relatively</stopword>
	<stopword id="581" name="research">research</stopword>
	<stopword id="582" name="respectively">respectively</stopword>
	<stopword id="583" name="resulted">resulted</stopword>
	<stopword id="584" name="resulting">resulting</stopword>
	<stopword id="585" name="results">results</stopword>
	<stopword id="586" name="right">right</stopword>
	<stopword id="587" name="run">run</stopword>
	<stopword id="588" name="s">s</stopword>
	<stopword id="589" name="said">said</stopword>
	<stopword id="590" name="same">same</stopword>
	<stopword id="591" name="saw">saw</stopword>
	<stopword id="592" name="say">say</stopword>
	<stopword id="593" name="saying">saying</stopword>
	<stopword id="594" name="says">says</stopword>
	<stopword id="595" name="sec">sec</stopword>
	<stopword id="596" name="second">second</stopword>
	<stopword id="597" name="secondly">secondly</stopword>
	<stopword id="598" name="section">section</stopword>
	<stopword id="599" name="see">see</stopword>
	<stopword id="600" name="seeing">seeing</stopword>
	<stopword id="601" name="seem">seem</stopword>
	<stopword id="602" name="seemed">seemed</stopword>
	<stopword id="603" name="seeming">seeming</stopword>
	<stopword id="604" name="seems">seems</stopword>
	<stopword id="605" name="seen">seen</stopword>
	<stopword id="606" name="self">self</stopword>
	<stopword id="607" name="selves">selves</stopword>
	<stopword id="608" name="sensible">sensible</stopword>
	<stopword id="609" name="sent">sent</stopword>
	<stopword id="610" name="serious">serious</stopword>
	<stopword id="611" name="seriously">seriously</stopword>
	<stopword id="612" name="seven">seven</stopword>
	<stopword id="613" name="several">several</stopword>
	<stopword id="614" name="shall">shall</stopword>
	<stopword id="615" name="shan't">shan't</stopword>
	<stopword id="616" name="she">she</stopword>
	<stopword id="617" name="she'd">she'd</stopword>
	<stopword id="618" name="she'll">she'll</stopword>
	<stopword id="619" name="she's">she's</stopword>
	<stopword id="620" name="shed">shed</stopword>
	<stopword id="621" name="shes">shes</stopword>
	<stopword id="622" name="should">should</stopword>
	<stopword id="623" name="shouldn't">shouldn't</stopword>
	<stopword id="624" name="show">show</stopword>
	<stopword id="625" name="showed">showed</stopword>
	<stopword id="626" name="shown">shown</stopword>
	<stopword id="627" name="showns">showns</stopword>
	<stopword id="628" name="shows">shows</stopword>
	<stopword id="629" name="significant">significant</stopword>
	<stopword id="630" name="significantly">significantly</stopword>
	<stopword id="631" name="similar">similar</stopword>
	<stopword id="632" name="similarly">similarly</stopword>
	<stopword id="633" name="since">since</stopword>
	<stopword id="634" name="six">six</stopword>
	<stopword id="635" name="slightly">slightly</stopword>
	<stopword id="636" name="so">so</stopword>
	<stopword id="637" name="some">some</stopword>
	<stopword id="638" name="somebody">somebody</stopword>
	<stopword id="639" name="somehow">somehow</stopword>
	<stopword id="640" name="someone">someone</stopword>
	<stopword id="641" name="somethan">somethan</stopword>
	<stopword id="642" name="something">something</stopword>
	<stopword id="643" name="sometime">sometime</stopword>
	<stopword id="644" name="sometimes">sometimes</stopword>
	<stopword id="645" name="somewhat">somewhat</stopword>
	<stopword id="646" name="somewhere">somewhere</stopword>
	<stopword id="647" name="soon">soon</stopword>
	<stopword id="648" name="sorry">sorry</stopword>
	<stopword id="649" name="specifically">specifically</stopword>
	<stopword id="650" name="specified">specified</stopword>
	<stopword id="651" name="specify">specify</stopword>
	<stopword id="652" name="specifying">specifying</stopword>
	<stopword id="653" name="still">still</stopword>
	<stopword id="654" name="stop">stop</stopword>
	<stopword id="655" name="strongly">strongly</stopword>
	<stopword id="656" name="sub">sub</stopword>
	<stopword id="657" name="substantially">substantially</stopword>
	<stopword id="658" name="successfully">successfully</stopword>
	<stopword id="659" name="such">such</stopword>
	<stopword id="660" name="sufficiently">sufficiently</stopword>
	<stopword id="661" name="suggest">suggest</stopword>
	<stopword id="662" name="sup">sup</stopword>
	<stopword id="663" name="sure">sure</stopword>
	<stopword id="664" name="t">t</stopword>
	<stopword id="665" name="t's">t's</stopword>
	<stopword id="666" name="take">take</stopword>
	<stopword id="667" name="taken">taken</stopword>
	<stopword id="668" name="taking">taking</stopword>
	<stopword id="669" name="tell">tell</stopword>
	<stopword id="670" name="tends">tends</stopword>
	<stopword id="671" name="th">th</stopword>
	<stopword id="672" name="than">than</stopword>
	<stopword id="673" name="thank">thank</stopword>
	<stopword id="674" name="thanks">thanks</stopword>
	<stopword id="675" name="thanx">thanx</stopword>
	<stopword id="676" name="that">that</stopword>
	<stopword id="677" name="that'll">that'll</stopword>
	<stopword id="678" name="that's">that's</stopword>
	<stopword id="679" name="that've">that've</stopword>
	<stopword id="680" name="thats">thats</stopword>
	<stopword id="681" name="the">the</stopword>
	<stopword id="682" name="their">their</stopword>
	<stopword id="683" name="theirs">theirs</stopword>
	<stopword id="684" name="them">them</stopword>
	<stopword id="685" name="themselves">themselves</stopword>
	<stopword id="686" name="then">then</stopword>
	<stopword id="687" name="thence">thence</stopword>
	<stopword id="688" name="there">there</stopword>
	<stopword id="689" name="there'll">there'll</stopword>
	<stopword id="690" name="there's">there's</stopword>
	<stopword id="691" name="there've">there've</stopword>
	<stopword id="692" name="thereafter">thereafter</stopword>
	<stopword id="693" name="thereby">thereby</stopword>
	<stopword id="694" name="thered">thered</stopword>
	<stopword id="695" name="therefore">therefore</stopword>
	<stopword id="696" name="therein">therein</stopword>
	<stopword id="697" name="thereof">thereof</stopword>
	<stopword id="698" name="therere">therere</stopword>
	<stopword id="699" name="theres">theres</stopword>
	<stopword id="700" name="thereto">thereto</stopword>
	<stopword id="701" name="thereupon">thereupon</stopword>
	<stopword id="702" name="these">these</stopword>
	<stopword id="703" name="they">they</stopword>
	<stopword id="704" name="they'd">they'd</stopword>
	<stopword id="705" name="they'll">they'll</stopword>
	<stopword id="706" name="they're">they're</stopword>
	<stopword id="707" name="they've">they've</stopword>
	<stopword id="708" name="theyd">theyd</stopword>
	<stopword id="709" name="theyre">theyre</stopword>
	<stopword id="710" name="think">think</stopword>
	<stopword id="711" name="third">third</stopword>
	<stopword id="712" name="this">this</stopword>
	<stopword id="713" name="thorough">thorough</stopword>
	<stopword id="714" name="thoroughly">thoroughly</stopword>
	<stopword id="715" name="those">those</stopword>
	<stopword id="716" name="thou">thou</stopword>
	<stopword id="717" name="though">though</stopword>
	<stopword id="718" name="thoughh">thoughh</stopword>
	<stopword id="719" name="thousand">thousand</stopword>
	<stopword id="720" name="three">three</stopword>
	<stopword id="721" name="throug">throug</stopword>
	<stopword id="722" name="through">through</stopword>
	<stopword id="723" name="throughout">throughout</stopword>
	<stopword id="724" name="thru">thru</stopword>
	<stopword id="725" name="thus">thus</stopword>
	<stopword id="726" name="til">til</stopword>
	<stopword id="727" name="tip">tip</stopword>
	<stopword id="728" name="to">to</stopword>
	<stopword id="729" name="together">together</stopword>
	<stopword id="730" name="too">too</stopword>
	<stopword id="731" name="took">took</stopword>
	<stopword id="732" name="toward">toward</stopword>
	<stopword id="733" name="towards">towards</stopword>
	<stopword id="734" name="tried">tried</stopword>
	<stopword id="735" name="tries">tries</stopword>
	<stopword id="736" name="truly">truly</stopword>
	<stopword id="737" name="try">try</stopword>
	<stopword id="738" name="trying">trying</stopword>
	<stopword id="739" name="ts">ts</stopword>
	<stopword id="740" name="twice">twice</stopword>
	<stopword id="741" name="two">two</stopword>
	<stopword id="742" name="u">u</stopword>
	<stopword id="743" name="un">un</stopword>
	<stopword id="744" name="under">under</stopword>
	<stopword id="745" name="unfortunately">unfortunately</stopword>
	<stopword id="746" name="unless">unless</stopword>
	<stopword id="747" name="unlike">unlike</stopword>
	<stopword id="748" name="unlikely">unlikely</stopword>
	<stopword id="749" name="until">until</stopword>
	<stopword id="750" name="unto">unto</stopword>
	<stopword id="751" name="up">up</stopword>
	<stopword id="752" name="upon">upon</stopword>
	<stopword id="753" name="ups">ups</stopword>
	<stopword id="754" name="us">us</stopword>
	<stopword id="755" name="use">use</stopword>
	<stopword id="756" name="used">used</stopword>
	<stopword id="757" name="useful">useful</stopword>
	<stopword id="758" name="usefully">usefully</stopword>
	<stopword id="759" name="usefulness">usefulness</stopword>
	<stopword id="760" name="uses">uses</stopword>
	<stopword id="761" name="using">using</stopword>
	<stopword id="762" name="usually">usually</stopword>
	<stopword id="763" name="v">v</stopword>
	<stopword id="764" name="value">value</stopword>
	<stopword id="765" name="various">various</stopword>
	<stopword id="766" name="very">very</stopword>
	<stopword id="767" name="via">via</stopword>
	<stopword id="768" name="viz">viz</stopword>
	<stopword id="769" name="vol">vol</stopword>
	<stopword id="770" name="vols">vols</stopword>
	<stopword id="771" name="vs">vs</stopword>
	<stopword id="772" name="w">w</stopword>
	<stopword id="773" name="want">want</stopword>
	<stopword id="774" name="wants">wants</stopword>
	<stopword id="775" name="was">was</stopword>
	<stopword id="776" name="wasn't">wasn't</stopword>
	<stopword id="777" name="way">way</stopword>
	<stopword id="778" name="we">we</stopword>
	<stopword id="779" name="we'd">we'd</stopword>
	<stopword id="780" name="we'll">we'll</stopword>
	<stopword id="781" name="we're">we're</stopword>
	<stopword id="782" name="we've">we've</stopword>
	<stopword id="783" name="wed">wed</stopword>
	<stopword id="784" name="welcome">welcome</stopword>
	<stopword id="785" name="well">well</stopword>
	<stopword id="786" name="went">went</stopword>
	<stopword id="787" name="were">were</stopword>
	<stopword id="788" name="weren't">weren't</stopword>
	<stopword id="789" name="what">what</stopword>
	<stopword id="790" name="what'll">what'll</stopword>
	<stopword id="791" name="what's">what's</stopword>
	<stopword id="792" name="whatever">whatever</stopword>
	<stopword id="793" name="whats">whats</stopword>
	<stopword id="794" name="when">when</stopword>
	<stopword id="795" name="when's">when's</stopword>
	<stopword id="796" name="whence">whence</stopword>
	<stopword id="797" name="whenever">whenever</stopword>
	<stopword id="798" name="where">where</stopword>
	<stopword id="799" name="where's">where's</stopword>
	<stopword id="800" name="whereafter">whereafter</stopword>
	<stopword id="801" name="whereas">whereas</stopword>
	<stopword id="802" name="whereby">whereby</stopword>
	<stopword id="803" name="wherein">wherein</stopword>
	<stopword id="804" name="wheres">wheres</stopword>
	<stopword id="805" name="whereupon">whereupon</stopword>
	<stopword id="806" name="wherever">wherever</stopword>
	<stopword id="807" name="whether">whether</stopword>
	<stopword id="808" name="which">which</stopword>
	<stopword id="809" name="while">while</stopword>
	<stopword id="810" name="whim">whim</stopword>
	<stopword id="811" name="whither">whither</stopword>
	<stopword id="812" name="who">who</stopword>
	<stopword id="813" name="who'll">who'll</stopword>
	<stopword id="814" name="who's">who's</stopword>
	<stopword id="815" name="whod">whod</stopword>
	<stopword id="816" name="whoever">whoever</stopword>
	<stopword id="817" name="whole">whole</stopword>
	<stopword id="818" name="whom">whom</stopword>
	<stopword id="819" name="whomever">whomever</stopword>
	<stopword id="820" name="whos">whos</stopword>
	<stopword id="821" name="whose">whose</stopword>
	<stopword id="822" name="why">why</stopword>
	<stopword id="823" name="why's">why's</stopword>
	<stopword id="824" name="widely">widely</stopword>
	<stopword id="825" name="will">will</stopword>
	<stopword id="826" name="willing">willing</stopword>
	<stopword id="827" name="wish">wish</stopword>
	<stopword id="828" name="with">with</stopword>
	<stopword id="829" name="within">within</stopword>
	<stopword id="830" name="without">without</stopword>
	<stopword id="831" name="won't">won't</stopword>
	<stopword id="832" name="wonder">wonder</stopword>
	<stopword id="833" name="words">words</stopword>
	<stopword id="834" name="world">world</stopword>
	<stopword id="835" name="would">would</stopword>
	<stopword id="836" name="wouldn't">wouldn't</stopword>
	<stopword id="837" name="www">www</stopword>
	<stopword id="838" name="x">x</stopword>
	<stopword id="839" name="y">y</stopword>
	<stopword id="840" name="yes">yes</stopword>
	<stopword id="841" name="yet">yet</stopword>
	<stopword id="842" name="you">you</stopword>
	<stopword id="843" name="you'd">you'd</stopword>
	<stopword id="844" name="you'll">you'll</stopword>
	<stopword id="845" name="you're">you're</stopword>
	<stopword id="846" name="you've">you've</stopword>
	<stopword id="847" name="youd">youd</stopword>
	<stopword id="848" name="your">your</stopword>
	<stopword id="849" name="youre">youre</stopword>
	<stopword id="850" name="yours">yours</stopword>
	<stopword id="851" name="yourself">yourself</stopword>
	<stopword id="852" name="yourselves">yourselves</stopword>
	<stopword id="853" name="z">z</stopword>
	<stopword id="854" name="zero">zero</stopword>
</stopwords>