<properties>
	<property id="1">3D Studio Max</property>
	<property id="2">Motion Builder</property>
	<property id="3">Maya</property>
	<property id="4">Mudbox</property>
	<property id="5">Vicon Blade</property>
	<property id="6">Zbrush</property>
	<property id="7">UDK (Unreal Engine)</property>
	<property id="8">Photoshop</property>
	<property id="9">After Effects</property>
	<property id="10">Premiere</property>
	<property id="11">Illustrator</property>
	<property id="12">Flash</property>
</properties>
