<?xml version="1.0" encoding="UTF-8"?>

<properties>
  <!-- 
  <property id="tables" moduleid="contact"   menulevel="toplevel" parentid="tables" path="/views/settings/modules/contact/metadata/index.html" ordering="30">Tables</property>
  <property id="fields" moduleid="contact"   parentid="tables" path="/views/settings/modules/contact/metadata/fields/index.html" ordering="30">Fields</property>
  <property id="contactpermissions" menulevel="toplevel" moduleid="contact" ordering="300" path="/views/settings/modules/contact/permissions/index.html" >Permissions</property>
 
  -->
  <property id="accountviews" menulevel="toplevel" moduleid="account" parentid="accountviews" ordering="100" path="/views/settings/modules/account/metadata/views/index.html" sublabel="Editing">Views</property>
  <property id="accountpermissions" menulevel="toplevel" moduleid="account" parentid="accountpermissions" ordering="300" path="/views/settings/modules/account/permissions/index.html" sublabel="Editing">Permissions</property>
  <property id="accountsystemviews" moduleid="account" parentid="accountviews" path="/views/settings/modules/account/metadata/viewssystem/index.html" ordering="110">System</property>
</properties>
