<?xml version="1.0" encoding="UTF-8"?>

<properties>
  <!-- 
  <property id="tables" moduleid="contact"   menulevel="toplevel" parentid="tables" path="/views/settings/modules/contact/metadata/index.html" ordering="30">Tables</property>
  <property id="fields" moduleid="contact"   parentid="tables" path="/views/settings/modules/contact/metadata/fields/index.html" ordering="30">Fields</property>
  <property id="contactpermissions" menulevel="toplevel" moduleid="contact" ordering="300" path="/views/settings/modules/contact/permissions/index.html" >Permissions</property>
 
  -->
  <property id="questionviews" menulevel="toplevel" moduleid="question" parentid="questionviews" ordering="100" path="/views/settings/modules/question/metadata/views/index.html" sublabel="Editing">Views</property>
  <property id="questionpermissions" menulevel="toplevel" moduleid="question" parentid="questionpermissions" ordering="300" path="/views/settings/modules/question/permissions/index.html" sublabel="Editing">Permissions</property>
  <property id="questionsystemviews" moduleid="question" parentid="questionviews" path="/views/settings/modules/question/metadata/viewssystem/index.html" ordering="110">System</property>
</properties>
